luminance,s_frequency,col_dir_id,bkg_id,ge_sigma,area,N,log_cone_contrast,dataset,ge_lambda,stim_id,t_frequency,orientation,eccentricity,vis_field,var_log_cone_contrast
50,0.125,1,1,4.4143593773175,61.2188611096406,1,-2.14285714285714,rovamo1993,1.10358984432938,-1,0,0,0,0,NaN
50,0.125,1,1,8.87455070549337,247.424455358884,1,-2.22527472527473,rovamo1993,2.21863767637334,-1,0,0,0,0,NaN
50,0.125,1,1,17.5076696085025,962.956252459904,1,-2.34065934065934,rovamo1993,4.37691740212562,-1,0,0,0,0,NaN
50,0.25,1,1,2.14297399243167,14.4272538540853,1,-1.92391304347826,rovamo1993,1.07148699621584,-1,0,0,0,0,NaN
50,0.25,1,1,4.37744786138333,60.1993548138352,1,-2.1195652173913,rovamo1993,2.18872393069167,-1,0,0,0,0,NaN
50,0.25,1,1,8.77529647989799,241.920944502639,1,-2.39673913043478,rovamo1993,4.387648239949,-1,0,0,0,0,NaN
50,0.25,1,1,17.2639173970251,936.329208823939,1,-2.4945652173913,rovamo1993,8.63195869851256,-1,0,0,0,0,NaN
50,0.5,1,1,1.12781553327762,3.99600493830675,1,-1.83977900552486,rovamo1993,1.12781553327762,-1,0,0,0,0,NaN
50,0.5,1,1,2.25450436199808,15.9680554669721,1,-2.07182320441989,rovamo1993,2.25450436199808,-1,0,0,0,0,NaN
50,0.5,1,1,4.42317382323793,61.4635847636877,1,-2.30386740331492,rovamo1993,4.42317382323793,-1,0,0,0,0,NaN
50,0.5,1,1,9.00901056397837,254.978795396292,1,-2.58563535911602,rovamo1993,9.00901056397837,-1,0,0,0,0,NaN
50,0.5,1,1,17.675024440648,981.453930705507,1,-2.66850828729282,rovamo1993,17.675024440648,-1,0,0,0,0,NaN
50,1,1,1,0.564189583547756,1,1,-1.80327868852459,rovamo1993,1.12837916709551,-1,0,0,0,0,NaN
50,1,1,1,1.10994795320508,3.87039332517875,1,-2.0327868852459,rovamo1993,2.21989590641016,-1,0,0,0,0,NaN
50,1,1,1,2.18363559829861,14.9799444915882,1,-2.31147540983607,rovamo1993,4.36727119659722,-1,0,0,0,0,NaN
50,1,1,1,4.37744786138333,60.1993548138352,1,-2.60655737704918,rovamo1993,8.75489572276666,-1,0,0,0,0,NaN
50,1,1,1,8.77529647989799,241.920944502639,1,-2.73770491803279,rovamo1993,17.550592959796,-1,0,0,0,0,NaN
50,1,1,1,17.2639173970251,936.329208823939,1,-2.77049180327869,rovamo1993,34.5278347940502,-1,0,0,0,0,NaN
50,2,1,1,0.275390943410654,0.238258926299324,1,-1.86885245901639,rovamo1993,1.10156377364261,-1,0,0,0,0,NaN
50,2,1,1,0.553641124845763,0.962956252459903,1,-2.04918032786885,rovamo1993,2.21456449938305,-1,0,0,0,0,NaN
50,2,1,1,1.09222046469117,3.74774895556145,1,-2.32786885245902,rovamo1993,4.36888185876466,-1,0,0,0,0,NaN
50,2,1,1,2.15472711464946,14.5859401172504,1,-2.50819672131148,rovamo1993,8.61890845859782,-1,0,0,0,0,NaN
50,2,1,1,4.33182561748702,58.9510850740029,1,-2.67213114754098,rovamo1993,17.3273024699481,-1,0,0,0,0,NaN
50,2,1,1,8.87455070549337,247.424455358884,1,-2.78688524590164,rovamo1993,35.4982028219735,-1,0,0,0,0,NaN
50,4,1,1,0.13804224706826,0.059865127672007,1,-1.84615384615385,rovamo1993,1.10433797654608,-1,0,0,0,0,NaN
50,4,1,1,0.276466462098508,0.240123565063052,1,-2.09340659340659,rovamo1993,2.21173169678807,-1,0,0,0,0,NaN
50,4,1,1,0.553697917040357,0.963153821612097,1,-2.39010989010989,rovamo1993,4.42958333632285,-1,0,0,0,0,NaN
50,4,1,1,1.10892793653066,3.86328298866628,1,-2.53846153846154,rovamo1993,8.87142349224525,-1,0,0,0,0,NaN
50,4,1,1,2.22092431734489,15.4959209169076,1,-2.58791208791209,rovamo1993,17.7673945387591,-1,0,0,0,0,NaN
50,4,1,1,4.44799401375485,62.1553134387268,1,-2.75274725274725,rovamo1993,35.5839521100388,-1,0,0,0,0,NaN
50,8,1,1,0.0697135109630176,0.0152680573923005,1,-1.61538461538462,rovamo1993,1.11541617540828,-1,0,0,0,0,NaN
50,8,1,1,0.133998747604836,0.056409383242646,1,-1.86263736263736,rovamo1993,2.14397996167737,-1,0,0,0,0,NaN
50,8,1,1,0.272401094004082,0.233113576534588,1,-2.12637362637363,rovamo1993,4.35841750406532,-1,0,0,0,0,NaN
50,8,1,1,0.533458622666735,0.894028474922,1,-2.40659340659341,rovamo1993,8.53533796266776,-1,0,0,0,0,NaN
50,8,1,1,1.04470249335058,3.42874458816758,1,-2.58791208791209,rovamo1993,16.7152398936092,-1,0,0,0,0,NaN
50,8,1,1,2.08445551533644,13.6500780654603,1,-2.6043956043956,rovamo1993,33.3512882453831,-1,0,0,0,0,NaN
50,16,1,1,0.0318780082989586,0.00319250974354507,1,-0.901639344262295,rovamo1993,1.02009626556668,-1,0,0,0,0,NaN
50,16,1,1,0.0682448198629489,0.0146315136295742,1,-1.26229508196721,rovamo1993,2.18383423561437,-1,0,0,0,0,NaN
50,16,1,1,0.132839089464919,0.0554372467076938,1,-1.59016393442623,rovamo1993,4.2508508628774,-1,0,0,0,0,NaN
50,16,1,1,0.26860309593562,0.226658442850066,1,-1.80327868852459,rovamo1993,8.59529906993983,-1,0,0,0,0,NaN
50,16,1,1,0.543120428157202,0.92670637100898,1,-1.86885245901639,rovamo1993,17.3798537010305,-1,0,0,0,0,NaN
50,16,1,1,1.07749880999025,3.64740064925302,1,-1.78688524590164,rovamo1993,34.4799619196881,-1,0,0,0,0,NaN
50,32,1,1,0.0681384541841504,0.0145859401172504,1,-0.590163934426229,rovamo1993,4.36086106778563,-1,0,0,0,0,NaN
50,32,1,1,0.136984353779243,0.0589510850740029,1,-0.868852459016393,rovamo1993,8.76699864187156,-1,0,0,0,0,NaN
50,32,1,1,0.275390943410654,0.238258926299324,1,-0.983606557377049,rovamo1993,17.6250203782818,-1,0,0,0,0,NaN
50,32,1,1,0.553641124845763,0.962956252459903,1,-1.08196721311475,rovamo1993,35.4330319901288,-1,0,0,0,0,NaN
0.02,0.125,10,3,4,50.2654824574367,5,-1.20977550690232,hdr_csf,1,-1,0,0,0,0,0.00718171016419859
0.02,0.125,11,3,4,50.2654824574367,5,-0.527008857801613,hdr_csf,1,-1,0,0,0,0,0.00618201505233749
0.02,0.25,10,3,2,12.5663706143592,6,-1.11593575621729,hdr_csf,1,-1,0,0,0,0,0.0077027970379114
0.02,0.25,11,3,2,12.5663706143592,6,-0.611452007862887,hdr_csf,1,-1,0,0,0,0,0.00636405561308556
0.02,0.5,9,3,1,3.14159265358979,7,-0.854296808245527,hdr_csf,1,-1,0,0,0,0,0.0102436941217808
0.02,0.5,9,3,2,12.5663706143592,1,-0.455027648671447,hdr_csf,2,-1,0,0,0,0,0.00657172164515523
0.02,0.5,10,3,1,3.14159265358979,11,-1.21939265964869,hdr_csf,1,-1,0,0,0,0,0.00783469952102689
0.02,0.5,10,3,2,12.5663706143592,1,-1.35815055850311,hdr_csf,2,-1,0,0,0,0,0.0109536204593284
0.02,0.5,11,3,1,3.14159265358979,9,-0.472911874262626,hdr_csf,1,-1,0,0,0,0,0.00828037318260722
0.02,0.5,11,3,2,12.5663706143592,1,-0.675935133446572,hdr_csf,2,-1,0,0,0,0,0.00879771490590689
0.02,1,9,3,0.5,0.785398163397448,10,-0.775018492743443,hdr_csf,1,-1,0,0,0,0,0.0112006372625293
0.02,1,9,3,1,3.14159265358979,1,-0.775903461456332,hdr_csf,2,-1,0,0,0,0,0.00950871040307234
0.02,1,10,3,0.5,0.785398163397448,7,-1.10374200776545,hdr_csf,1,-1,0,0,0,0,0.0106192134810174
0.02,1,10,3,1,3.14159265358979,1,-1.30685445878065,hdr_csf,2,-1,0,0,0,0,0.0113689235727255
0.02,1,11,3,0.5,0.785398163397448,5,-0.327407784157052,hdr_csf,1,-1,0,0,0,0,0.00704883402993715
0.02,1,11,3,1,3.14159265358979,1,-1.07371313744674,hdr_csf,2,-1,0,0,0,0,0.00761325421669984
0.02,2,9,3,0.25,0.196349540849362,8,-0.487499903911821,hdr_csf,1,-1,0,0,0,0,0.010067474693759
0.02,2,9,3,0.5,0.785398163397448,1,-0.422712921619701,hdr_csf,2,-1,0,0,0,0,0.00995157680859716
0.02,2,10,3,0.25,0.196349540849362,8,-0.724235848539537,hdr_csf,1,-1,0,0,0,0,0.0126977251072967
0.02,2,10,3,0.5,0.785398163397448,1,-1.20680838887049,hdr_csf,2,-1,0,0,0,0,0.0279294667455984
0.02,2,11,3,0.5,0.785398163397448,1,-0.64493301595493,hdr_csf,2,-1,0,0,0,0,0.00687327149889472
0.02,4,10,3,0.125,0.0490873852123405,4,-0.309162975940343,hdr_csf,1,-1,0,0,0,0,0.00758048288429758
0.02,4,10,3,0.25,0.196349540849362,1,-0.607955543594576,hdr_csf,2,-1,0,0,0,0,0.0164574318311758
0.02,4,11,3,0.25,0.196349540849362,1,-0.0943238092554548,hdr_csf,2,-1,0,0,0,0,NaN
0.02,6,10,3,0.0833333333333333,0.0218166156499291,1,-0.297041325454227,hdr_csf,1,-1,0,0,0,0,0.00713325625625201
0.02,6,10,3,0.166666666666667,0.0872664625997165,1,-0.472631601563582,hdr_csf,2,-1,0,0,0,0,0.0077690518144296
0.2,0.5,9,4,1,3.14159265358979,14,-1.23111479625365,hdr_csf,1,-1,0,0,0,0,0.0116009415029772
0.2,0.5,10,4,1,3.14159265358979,14,-1.68065945802474,hdr_csf,1,-1,0,0,0,0,0.00863755745222853
0.2,0.5,11,4,1,3.14159265358979,14,-0.78610854016271,hdr_csf,1,-1,0,0,0,0,0.0127282382281246
0.2,1,9,4,0.5,0.785398163397448,16,-1.21914801352605,hdr_csf,1,-1,0,0,0,0,0.00923883547559004
0.2,1,10,4,0.5,0.785398163397448,14,-1.38665738953731,hdr_csf,1,-1,0,0,0,0,0.00817047212165343
0.2,1,11,4,0.5,0.785398163397448,14,-0.577730453754922,hdr_csf,1,-1,0,0,0,0,0.0115573546490097
0.2,2,9,4,0.25,0.196349540849362,14,-0.95197346628814,hdr_csf,1,-1,0,0,0,0,0.0092100016994135
0.2,2,10,4,0.25,0.196349540849362,7,-1.02871756497856,hdr_csf,1,-1,0,0,0,0,0.00895196495560037
0.2,2,11,4,0.25,0.196349540849362,6,-0.382297019524507,hdr_csf,1,-1,0,0,0,0,0.0113250355787288
0.2,4,9,4,0.125,0.0490873852123405,14,-0.417289789745383,hdr_csf,1,-1,0,0,0,0,0.00717727284835474
0.2,4,10,4,0.125,0.0490873852123405,6,-0.581772261188406,hdr_csf,1,-1,0,0,0,0,0.00909098195943086
0.2,4,11,4,0.125,0.0490873852123405,2,-0.171911775636097,hdr_csf,1,-1,0,0,0,0,NaN
0.2,6,9,4,0.0833333333333333,0.0218166156499291,8,-0.0995470411767444,hdr_csf,1,-1,0,0,0,0,0.0102127564487855
0.2,6,10,4,0.0833333333333333,0.0218166156499291,6,-0.34936127141891,hdr_csf,1,-1,0,0,0,0,0.00904548400535621
2,0.5,9,5,1,3.14159265358979,14,-1.44201712637169,hdr_csf,1,-1,0,0,0,0,0.0100423862686506
2,0.5,10,5,1,3.14159265358979,14,-2.1443529602788,hdr_csf,1,-1,0,0,0,0,0.00961138345072572
2,0.5,11,5,1,3.14159265358979,14,-1.24297390311414,hdr_csf,1,-1,0,0,0,0,0.0110972825893192
2,1,9,5,0.5,0.785398163397448,16,-1.57226093827256,hdr_csf,1,-1,0,0,0,0,0.0084529287394477
2,1,10,5,0.5,0.785398163397448,14,-1.94619804244993,hdr_csf,1,-1,0,0,0,0,0.0108504199571915
2,1,11,5,0.5,0.785398163397448,14,-0.946712690196726,hdr_csf,1,-1,0,0,0,0,0.00898741004935526
2,2,9,5,0.25,0.196349540849362,14,-1.46871313956961,hdr_csf,1,-1,0,0,0,0,0.00800160944271915
2,2,10,5,0.25,0.196349540849362,14,-1.56030847387526,hdr_csf,1,-1,0,0,0,0,0.015627441393165
2,2,11,5,0.25,0.196349540849362,14,-0.762774145247278,hdr_csf,1,-1,0,0,0,0,0.00960665781068282
2,4,9,5,0.125,0.0490873852123405,13,-1.05116302190234,hdr_csf,1,-1,0,0,0,0,0.00925642616168919
2,4,10,5,0.125,0.0490873852123405,12,-1.20910988658372,hdr_csf,1,-1,0,0,0,0,0.00986944306535357
2,4,11,5,0.125,0.0490873852123405,13,-0.614731343162208,hdr_csf,1,-1,0,0,0,0,0.010920476288158
2,6,9,5,0.0833333333333333,0.0218166156499291,13,-0.66707820430257,hdr_csf,1,-1,0,0,0,0,0.00835866957283224
2,6,10,5,0.0833333333333333,0.0218166156499291,7,-1.05460379872092,hdr_csf,1,-1,0,0,0,0,0.0100846614343618
2,6,11,5,0.0833333333333333,0.0218166156499291,10,-0.37052540485652,hdr_csf,1,-1,0,0,0,0,0.0118655754433843
20,0.125,10,6,4,50.2654824574367,6,-2.52803895252584,hdr_csf,1,-1,0,0,0,0,0.00726292900445319
20,0.125,11,6,4,50.2654824574367,6,-1.74500870032827,hdr_csf,1,-1,0,0,0,0,0.00856517827301362
20,0.25,10,6,2,12.5663706143592,7,-2.55130263664246,hdr_csf,1,-1,0,0,0,0,0.011932392150446
20,0.25,11,6,2,12.5663706143592,7,-1.71356553731631,hdr_csf,1,-1,0,0,0,0,0.0091569305077036
20,0.5,9,6,0.1,0.0314159265358979,1,-0.641424223290885,hdr_csf,0.1,-1,0,0,0,0,0.00906149246671217
20,0.5,9,6,0.5,0.785398163397448,1,-1.1717973311939,hdr_csf,0.5,-1,0,0,0,0,0.00785431077437729
20,0.5,9,6,1,3.14159265358979,21,-1.39636917013262,hdr_csf,1,-1,0,0,0,0,0.0106724579895237
20,0.5,10,6,0.5,0.785398163397448,1,-1.99421822499044,hdr_csf,0.5,-1,0,0,0,0,0.0055190449849397
20,0.5,10,6,1,3.14159265358979,23,-2.44719607386976,hdr_csf,1,-1,0,0,0,0,0.00939963268914124
20,0.5,11,6,0.1,0.0314159265358979,1,-0.274606878821255,hdr_csf,0.1,-1,0,0,0,0,0.0116648588458321
20,0.5,11,6,0.5,0.785398163397448,1,-1.13158847584187,hdr_csf,0.5,-1,0,0,0,0,0.0080564198627301
20,0.5,11,6,1,3.14159265358979,22,-1.5823205963003,hdr_csf,1,-1,0,0,0,0,0.0106446998386822
20,1,9,6,0.05,0.00785398163397448,1,-0.309242407824985,hdr_csf,0.1,-1,0,0,0,0,0.00785320925799231
20,1,9,6,0.25,0.196349540849362,1,-1.24888332120382,hdr_csf,0.5,-1,0,0,0,0,0.00659444265581953
20,1,9,6,0.5,0.785398163397448,23,-1.60107619678173,hdr_csf,1,-1,0,0,0,0,0.011791691877667
20,1,9,6,1,3.14159265358979,10,-1.81887957195506,hdr_csf,2,-1,0,0,0,0,0.0107704224859863
20,1,10,6,0.05,0.00785398163397448,1,-0.632158274534491,hdr_csf,0.1,-1,0,0,0,0,0.0088926164489892
20,1,10,6,0.25,0.196349540849362,1,-1.61077446775259,hdr_csf,0.5,-1,0,0,0,0,0.00963502899853862
20,1,10,6,0.5,0.785398163397448,21,-2.30424530152356,hdr_csf,1,-1,0,0,0,0,0.0104872139354219
20,1,10,6,1,3.14159265358979,10,-2.46830997893841,hdr_csf,2,-1,0,0,0,0,0.0111101122508984
20,1,11,6,0.25,0.196349540849362,1,-1.01534409477076,hdr_csf,0.5,-1,0,0,0,0,0.00815818328048321
20,1,11,6,0.5,0.785398163397448,20,-1.34147165161608,hdr_csf,1,-1,0,0,0,0,0.0133062992647063
20,1,11,6,1,3.14159265358979,10,-1.6213959409653,hdr_csf,2,-1,0,0,0,0,0.00811388303056713
20,2,9,6,0.125,0.0490873852123405,1,-1.07073162291297,hdr_csf,0.5,-1,0,0,0,0,0.0245418928993321
20,2,9,6,0.25,0.196349540849362,21,-1.57021032006205,hdr_csf,1,-1,0,0,0,0,0.00925188961657766
20,2,9,6,0.5,0.785398163397448,9,-1.92702739084793,hdr_csf,2,-1,0,0,0,0,0.0119069572773527
20,2,9,6,1,3.14159265358979,10,-2.0707127233,hdr_csf,4,-1,0,0,0,0,0.00698451160674498
20,2,10,6,0.125,0.0490873852123405,1,-1.33337786977695,hdr_csf,0.5,-1,0,0,0,0,0.0183062028591282
20,2,10,6,0.25,0.196349540849362,21,-1.94480424609412,hdr_csf,1,-1,0,0,0,0,0.0127195812630589
20,2,10,6,0.5,0.785398163397448,10,-2.25618166650475,hdr_csf,2,-1,0,0,0,0,0.00917426191111794
20,2,10,6,1,3.14159265358979,9,-2.39971143533333,hdr_csf,4,-1,0,0,0,0,0.0106109009472496
20,2,11,6,0.125,0.0490873852123405,1,-0.492481362908897,hdr_csf,0.5,-1,0,0,0,0,0.0135927907072683
20,2,11,6,0.25,0.196349540849362,21,-0.953904715922934,hdr_csf,1,-1,0,0,0,0,0.00996533771909038
20,2,11,6,0.5,0.785398163397448,10,-1.29324977068102,hdr_csf,2,-1,0,0,0,0,0.00961277926693634
20,2,11,6,1,3.14159265358979,10,-1.3798296865,hdr_csf,4,-1,0,0,0,0,0.0101365918050259
20,4,9,6,0.0625,0.0122718463030851,1,-0.703919236318891,hdr_csf,0.5,-1,0,0,0,0,0.00919803849377317
20,4,9,6,0.125,0.0490873852123405,21,-1.37173161017338,hdr_csf,1,-1,0,0,0,0,0.0104166417240694
20,4,9,6,0.25,0.196349540849362,10,-1.64905920188513,hdr_csf,2,-1,0,0,0,0,0.00952002739237396
20,4,9,6,0.5,0.785398163397448,9,-1.86753141477778,hdr_csf,4,-1,0,0,0,0,0.0107286838153235
20,4,10,6,0.0625,0.0122718463030851,1,-1.03650826893032,hdr_csf,0.5,-1,0,0,0,0,0.0234390041895372
20,4,10,6,0.125,0.0490873852123405,21,-1.54390213987143,hdr_csf,1,-1,0,0,0,0,0.0119546706992704
20,4,10,6,0.25,0.196349540849362,10,-1.86624620971603,hdr_csf,2,-1,0,0,0,0,0.00984510837911645
20,4,10,6,0.5,0.785398163397448,10,-2.1397162236,hdr_csf,4,-1,0,0,0,0,0.0114299367454777
20,4,11,6,0.125,0.0490873852123405,21,-0.795357131475777,hdr_csf,1,-1,0,0,0,0,0.0129010119330663
20,4,11,6,0.25,0.196349540849362,10,-1.23375838616431,hdr_csf,2,-1,0,0,0,0,0.0114595098159165
20,4,11,6,0.5,0.785398163397448,10,-1.4125146009,hdr_csf,4,-1,0,0,0,0,0.0117451413592921
20,6,9,6,0.0416666666666667,0.00545415391248228,1,-0.221959509829119,hdr_csf,0.5,-1,0,0,0,0,0.00904929833283223
20,6,9,6,0.0833333333333333,0.0218166156499291,21,-0.971549384302435,hdr_csf,1,-1,0,0,0,0,0.0105938521518393
20,6,9,6,0.166666666666667,0.0872664625997165,10,-1.37709195781872,hdr_csf,2,-1,0,0,0,0,0.0124494981218054
20,6,9,6,0.333333333333333,0.349065850398866,10,-1.5404573989,hdr_csf,4,-1,0,0,0,0,0.0132387218374338
20,6,10,6,0.0833333333333333,0.0218166156499291,20,-1.30781102790107,hdr_csf,1,-1,0,0,0,0,0.0102833594644976
20,6,10,6,0.166666666666667,0.0872664625997165,10,-1.63560622220469,hdr_csf,2,-1,0,0,0,0,0.0100329703710359
20,6,10,6,0.333333333333333,0.349065850398866,10,-1.8154782618,hdr_csf,4,-1,0,0,0,0,0.00935150240448536
20,6,11,6,0.0416666666666667,0.00545415391248228,1,-0.299044964991137,hdr_csf,0.5,-1,0,0,0,0,NaN
20,6,11,6,0.0833333333333333,0.0218166156499291,19,-0.698290299168407,hdr_csf,1,-1,0,0,0,0,0.0145405237063799
20,6,11,6,0.166666666666667,0.0872664625997165,10,-1.01461588451887,hdr_csf,2,-1,0,0,0,0,0.0106321110740166
20,6,11,6,0.333333333333333,0.349065850398866,10,-1.254931216,hdr_csf,4,-1,0,0,0,0,0.0107252448063567
200,0.5,9,7,1,3.14159265358979,19,-1.38280229345313,hdr_csf,1,-1,0,0,0,0,0.0106359926172268
200,0.5,10,7,1,3.14159265358979,18,-2.71207435463825,hdr_csf,1,-1,0,0,0,0,0.00954397593379334
200,0.5,11,7,1,3.14159265358979,16,-1.79947241812234,hdr_csf,1,-1,0,0,0,0,0.0114352026633962
200,1,9,7,0.5,0.785398163397448,21,-1.6197339460415,hdr_csf,1,-1,0,0,0,0,0.0102449765003813
200,1,9,7,1,3.14159265358979,1,-1.90008728344641,hdr_csf,2,-1,0,0,0,0,0.016482991280378
200,1,10,7,0.5,0.785398163397448,18,-2.56324116172133,hdr_csf,1,-1,0,0,0,0,0.0126062012696146
200,1,10,7,1,3.14159265358979,1,-2.6159107736984,hdr_csf,2,-1,0,0,0,0,0.00722645180799027
200,1,11,7,0.5,0.785398163397448,18,-1.59466871581686,hdr_csf,1,-1,0,0,0,0,0.0112056027826932
200,1,11,7,1,3.14159265358979,1,-1.53308788500988,hdr_csf,2,-1,0,0,0,0,0.00845960046838845
200,2,9,7,0.25,0.196349540849362,19,-1.71003109655326,hdr_csf,1,-1,0,0,0,0,0.00988693698570314
200,2,9,7,0.5,0.785398163397448,1,-1.98717893953408,hdr_csf,2,-1,0,0,0,0,0.0069069928031454
200,2,9,7,1,3.14159265358979,1,-2.1427157516809,hdr_csf,4,-1,0,0,0,0,0.00465721196355811
200,2,10,7,0.25,0.196349540849362,18,-2.27756083255705,hdr_csf,1,-1,0,0,0,0,0.0227987158254132
200,2,10,7,0.5,0.785398163397448,1,-2.43984327576764,hdr_csf,2,-1,0,0,0,0,0.00768939222591025
200,2,10,7,1,3.14159265358979,1,-2.5880629759792,hdr_csf,4,-1,0,0,0,0,0.0141796383827552
200,2,11,7,0.25,0.196349540849362,18,-1.26075361048244,hdr_csf,1,-1,0,0,0,0,0.0113483036403961
200,2,11,7,0.5,0.785398163397448,1,-1.3768060206836,hdr_csf,2,-1,0,0,0,0,0.00782911463585252
200,2,11,7,1,3.14159265358979,1,-1.79737383692703,hdr_csf,4,-1,0,0,0,0,0.00725461755760184
200,4,9,7,0.125,0.0490873852123405,19,-1.52458225399485,hdr_csf,1,-1,0,0,0,0,0.0105163059968398
200,4,9,7,0.25,0.196349540849362,1,-1.80769653942144,hdr_csf,2,-1,0,0,0,0,0.0114153124079477
200,4,9,7,0.5,0.785398163397448,1,-2.01727212989414,hdr_csf,4,-1,0,0,0,0,0.00638161102420103
200,4,10,7,0.125,0.0490873852123405,18,-1.8381944800334,hdr_csf,1,-1,0,0,0,0,0.0113535483885796
200,4,10,7,0.25,0.196349540849362,1,-2.03364193321891,hdr_csf,2,-1,0,0,0,0,0.0111177140862432
200,4,10,7,0.5,0.785398163397448,1,-2.26280959927797,hdr_csf,4,-1,0,0,0,0,0.0105908869394875
200,4,11,7,0.125,0.0490873852123405,18,-1.09886421196975,hdr_csf,1,-1,0,0,0,0,0.0136274395180016
200,4,11,7,0.25,0.196349540849362,1,-1.44024044463177,hdr_csf,2,-1,0,0,0,0,0.0149983390501114
200,4,11,7,0.5,0.785398163397448,1,-1.81221961411828,hdr_csf,4,-1,0,0,0,0,0.00771544252686416
200,6,9,7,0.0833333333333333,0.0218166156499291,19,-1.26301385655383,hdr_csf,1,-1,0,0,0,0,0.0119920360103343
200,6,9,7,0.166666666666667,0.0872664625997165,1,-1.56421110468422,hdr_csf,2,-1,0,0,0,0,0.013042038711465
200,6,9,7,0.333333333333333,0.349065850398866,1,-1.9148984099039,hdr_csf,4,-1,0,0,0,0,0.00637735199720328
200,6,10,7,0.0833333333333333,0.0218166156499291,18,-1.58687004794671,hdr_csf,1,-1,0,0,0,0,0.0121612712200591
200,6,10,7,0.166666666666667,0.0872664625997165,1,-1.7034379572557,hdr_csf,2,-1,0,0,0,0,0.0139769328543584
200,6,10,7,0.333333333333333,0.349065850398866,1,-1.97335961781448,hdr_csf,4,-1,0,0,0,0,0.0112129714775985
200,6,11,7,0.0833333333333333,0.0218166156499291,18,-0.949040890838862,hdr_csf,1,-1,0,0,0,0,0.0159644958454533
200,6,11,7,0.166666666666667,0.0872664625997165,1,-1.36671719490185,hdr_csf,2,-1,0,0,0,0,0.00972718902064566
200,6,11,7,0.333333333333333,0.349065850398866,1,-1.77796722417602,hdr_csf,4,-1,0,0,0,0,0.00962473133207592
200,12,9,7,0.166666666666667,0.0872664625997165,1,-1.25241166652649,hdr_csf,4,-1,0,0,0,0,0.0240923453832286
200,12,10,7,0.166666666666667,0.0872664625997165,1,-1.98704030443029,hdr_csf,4,-1,0,0,0,0,0.0303037647193228
200,12,11,7,0.166666666666667,0.0872664625997165,1,-1.1991587494938,hdr_csf,4,-1,0,0,0,0,0.00666326455205114
200,24,9,7,0.0833333333333333,0.0218166156499291,1,-0.401771318622438,hdr_csf,4,-1,0,0,0,0,0.0069278571047161
200,24,10,7,0.0833333333333333,0.0218166156499291,1,-1.13553156957424,hdr_csf,4,-1,0,0,0,0,0.00680233094555984
2000,0.5,9,8,1,3.14159265358979,16,-1.26874809611729,hdr_csf,1,-1,0,0,0,0,0.0118519856392625
2000,0.5,10,8,1,3.14159265358979,16,-2.57623958247288,hdr_csf,1,-1,0,0,0,0,0.0139769728177753
2000,0.5,11,8,1,3.14159265358979,16,-1.70171676355874,hdr_csf,1,-1,0,0,0,0,0.0129614492288357
2000,1,9,8,0.5,0.785398163397448,18,-1.45581570215333,hdr_csf,1,-1,0,0,0,0,0.0101698126826837
2000,1,10,8,0.5,0.785398163397448,16,-2.47352571910251,hdr_csf,1,-1,0,0,0,0,0.0111203377404724
2000,1,11,8,0.5,0.785398163397448,16,-1.60980622435429,hdr_csf,1,-1,0,0,0,0,0.00795273288841556
2000,2,9,8,0.25,0.196349540849362,16,-1.53884778013602,hdr_csf,1,-1,0,0,0,0,0.00886714490831233
2000,2,10,8,0.25,0.196349540849362,16,-2.20785548613624,hdr_csf,1,-1,0,0,0,0,0.0086691175292796
2000,2,11,8,0.25,0.196349540849362,16,-1.30885028531103,hdr_csf,1,-1,0,0,0,0,0.010089657470844
2000,4,9,8,0.125,0.0490873852123405,16,-1.37541984220122,hdr_csf,1,-1,0,0,0,0,0.0106917153865406
2000,4,10,8,0.125,0.0490873852123405,16,-1.90000866491101,hdr_csf,1,-1,0,0,0,0,0.00920353254622662
2000,4,11,8,0.125,0.0490873852123405,16,-1.05306382692561,hdr_csf,1,-1,0,0,0,0,0.0114878066797526
2000,6,9,8,0.0833333333333333,0.0218166156499291,16,-1.16261209413763,hdr_csf,1,-1,0,0,0,0,0.01260963804776
2000,6,10,8,0.0833333333333333,0.0218166156499291,16,-1.75851488616251,hdr_csf,1,-1,0,0,0,0,0.0137597699715977
2000,6,11,8,0.0833333333333333,0.0218166156499291,15,-0.970873964135559,hdr_csf,1,-1,0,0,0,0,0.0132405909679829
7000,0.125,10,9,4,50.2654824574367,6,-2.56412093590571,hdr_csf,1,-1,0,0,0,0,0.0107523585693181
7000,0.125,11,9,4,50.2654824574367,6,-1.65772281204554,hdr_csf,1,-1,0,0,0,0,0.00954618276523615
7000,0.25,10,9,2,12.5663706143592,7,-2.6675877274216,hdr_csf,1,-1,0,0,0,0,0.0108289789022463
7000,0.25,11,9,2,12.5663706143592,7,-1.81425576136616,hdr_csf,1,-1,0,0,0,0,0.0103058397626273
7000,0.5,9,9,1,3.14159265358979,12,-1.12961731163733,hdr_csf,1,-1,0,0,0,0,0.0107015383550467
7000,0.5,10,9,1,3.14159265358979,15,-2.5081621626492,hdr_csf,1,-1,0,0,0,0,0.00868245694468384
7000,0.5,11,9,1,3.14159265358979,15,-1.61063227337055,hdr_csf,1,-1,0,0,0,0,0.0162737939676693
7000,1,9,9,0.5,0.785398163397448,14,-1.43755542597476,hdr_csf,1,-1,0,0,0,0,0.00965970119311173
7000,1,10,9,0.5,0.785398163397448,12,-2.49758551016422,hdr_csf,1,-1,0,0,0,0,0.0131533910078971
7000,1,11,9,0.5,0.785398163397448,12,-1.63708117272983,hdr_csf,1,-1,0,0,0,0,0.00942302302584721
7000,2,9,9,0.25,0.196349540849362,12,-1.35050211974474,hdr_csf,1,-1,0,0,0,0,0.0114102412003109
7000,2,10,9,0.25,0.196349540849362,12,-2.30520307415423,hdr_csf,1,-1,0,0,0,0,0.0128083771127949
7000,2,11,9,0.25,0.196349540849362,12,-1.36394696489024,hdr_csf,1,-1,0,0,0,0,0.0140380020332102
7000,4,9,9,0.125,0.0490873852123405,12,-1.21560709350954,hdr_csf,1,-1,0,0,0,0,0.0115838824504238
7000,4,10,9,0.125,0.0490873852123405,12,-1.92939213563034,hdr_csf,1,-1,0,0,0,0,0.00979959080572592
7000,4,11,9,0.125,0.0490873852123405,12,-1.14316253983839,hdr_csf,1,-1,0,0,0,0,0.00868933459605423
7000,6,9,9,0.0833333333333333,0.0218166156499291,12,-0.995166521031949,hdr_csf,1,-1,0,0,0,0,0.0140399162373577
7000,6,10,9,0.0833333333333333,0.0218166156499291,12,-1.6655635753314,hdr_csf,1,-1,0,0,0,0,0.00936873991044599
7000,6,11,9,0.0833333333333333,0.0218166156499291,12,-1.04832630948864,hdr_csf,1,-1,0,0,0,0,0.0237107501845869
10000,0.5,9,10,1,3.14159265358979,3,-1.19339477465599,hdr_csf,1,-1,0,0,0,0,0.0156492394160185
10000,0.5,10,10,1,3.14159265358979,3,-2.4515322306073,hdr_csf,1,-1,0,0,0,0,0.015821990221383
10000,0.5,11,10,1,3.14159265358979,3,-1.75509581073371,hdr_csf,1,-1,0,0,0,0,0.0228537617502643
10000,1,9,10,0.5,0.785398163397448,3,-1.36081154988409,hdr_csf,1,-1,0,0,0,0,0.0102727508708331
10000,1,10,10,0.5,0.785398163397448,3,-2.40678718674604,hdr_csf,1,-1,0,0,0,0,0.0118143632526021
10000,1,11,10,0.5,0.785398163397448,3,-1.62252152740852,hdr_csf,1,-1,0,0,0,0,0.00832341428872801
10000,2,9,10,0.25,0.196349540849362,3,-1.34890899236974,hdr_csf,1,-1,0,0,0,0,0.0214285248510927
10000,2,10,10,0.25,0.196349540849362,3,-2.2454521872079,hdr_csf,1,-1,0,0,0,0,0.0159901326535396
10000,2,11,10,0.25,0.196349540849362,3,-1.46012485432792,hdr_csf,1,-1,0,0,0,0,0.0151630673958005
10000,4,9,10,0.125,0.0490873852123405,2,-1.23954702496841,hdr_csf,1,-1,0,0,0,0,0.00835257526325148
10000,4,10,10,0.125,0.0490873852123405,3,-1.95729877112371,hdr_csf,1,-1,0,0,0,0,0.0254310625259474
10000,4,11,10,0.125,0.0490873852123405,3,-1.31713054510728,hdr_csf,1,-1,0,0,0,0,0.0121395516109669
10000,6,9,10,0.0833333333333333,0.0218166156499291,3,-0.858175037885083,hdr_csf,1,-1,0,0,0,0,0.0100124348701255
10000,6,10,10,0.0833333333333333,0.0218166156499291,3,-1.64772536377314,hdr_csf,1,-1,0,0,0,0,0.0392425318704089
10000,6,11,10,0.0833333333333333,0.0218166156499291,3,-1.15331922789215,hdr_csf,1,-1,0,0,0,0,0.0178682230884591
0.002,0.125,23,18,1.5,7.06858347057703,11,-0.773157545454545,hdrvdp_csf,0.375,-1,0,0,0,0,0.0378720100502726
0.002,0.25,23,18,1.5,7.06858347057703,10,-0.8562459,hdrvdp_csf,0.75,-1,0,0,0,0,0.0152405496714334
0.002,0.5,23,18,1.5,7.06858347057703,9,-1.01510533333333,hdrvdp_csf,1.5,-1,0,0,0,0,0.00977115378475
0.002,1,23,18,1.5,7.06858347057703,10,-0.936126,hdrvdp_csf,3,-1,0,0,0,0,0.0115534600451111
0.002,2,23,18,1.5,7.06858347057703,9,-0.661588444444445,hdrvdp_csf,6,-1,0,0,0,0,0.00736463316302778
0.002,4,23,18,1.5,7.06858347057703,9,-0.0864568888888887,hdrvdp_csf,12,-1,0,0,0,0,0.00923967172986112
0.02,0.125,23,19,1.5,7.06858347057703,13,-1.00806330769231,hdrvdp_csf,0.375,-1,0,0,0,0,0.0207752785512308
0.02,0.25,23,19,1.5,7.06858347057703,13,-1.13199053846154,hdrvdp_csf,0.75,-1,0,0,0,0,0.0226054994136025
0.02,0.5,23,19,1.5,7.06858347057703,13,-1.34500707692308,hdrvdp_csf,1.5,-1,0,0,0,0,0.0208991377739102
0.02,0.71,23,19,1.5,7.06858347057703,9,-1.39107,hdrvdp_csf,2.13,-1,0,0,0,0,0.023914484794
0.02,1,23,19,0.15,0.0706858347057703,9,-0.397990666666667,hdrvdp_csf,0.3,-1,0,0,0,0,0.01168096135975
0.02,1,23,19,0.5,0.785398163397448,9,-0.914969555555555,hdrvdp_csf,1,-1,0,0,0,0,0.00729741455927775
0.02,1,23,19,1.5,7.06858347057703,11,-1.39717154545455,hdrvdp_csf,3,-1,0,0,0,0,0.0340209474682727
0.02,1.41,23,19,1.5,7.06858347057703,12,-1.33375666666667,hdrvdp_csf,4.23,-1,0,0,0,0,0.0223973329636971
0.02,2,23,19,1.5,7.06858347057703,11,-1.21963054545455,hdrvdp_csf,6,-1,0,0,0,0,0.0288421195034728
0.02,4,23,19,1.5,7.06858347057703,11,-0.829116,hdrvdp_csf,12,-1,0,0,0,0,0.0335531736289999
0.02,8,23,19,1.5,7.06858347057703,14,-0.259427785714286,hdrvdp_csf,24,-1,0,0,0,0,0.0315524788735659
0.2,0.125,23,20,1.5,7.06858347057703,6,-1.30275783333333,hdrvdp_csf,0.375,-1,0,0,0,0,0.0110037557933667
0.2,0.25,23,20,1.5,7.06858347057703,6,-1.50712416666667,hdrvdp_csf,0.75,-1,0,0,0,0,0.0116886948745667
0.2,0.5,23,20,1.5,7.06858347057703,6,-1.77959166666667,hdrvdp_csf,1.5,-1,0,0,0,0,0.0127389797990666
0.2,0.71,23,20,1.5,7.06858347057703,7,-1.89526242857143,hdrvdp_csf,2.13,-1,0,0,0,0,0.024251556244619
0.2,1,23,20,0.15,0.0706858347057703,6,-0.956886,hdrvdp_csf,0.3,-1,0,0,0,0,0.00854605017599999
0.2,1,23,20,0.5,0.785398163397448,6,-1.42048333333333,hdrvdp_csf,1,-1,0,0,0,0,0.0220907163106667
0.2,1,23,20,1.5,7.06858347057703,8,-1.949227375,hdrvdp_csf,3,-1,0,0,0,0,0.014811626491125
0.2,1.41,23,20,1.5,7.06858347057703,6,-1.90087716666667,hdrvdp_csf,4.23,-1,0,0,0,0,0.0136784593969668
0.2,2,23,20,1.5,7.06858347057703,7,-1.84065728571429,hdrvdp_csf,6,-1,0,0,0,0,0.0157319319519047
0.2,4,23,20,1.5,7.06858347057703,7,-1.563586,hdrvdp_csf,12,-1,0,0,0,0,0.02102903451
0.2,8,23,20,0.15,0.0706858347057703,5,-0.1389118,hdrvdp_csf,2.4,-1,0,0,0,0,0.0273378563137001
0.2,8,23,20,0.5,0.785398163397448,5,-0.681896800000001,hdrvdp_csf,8,-1,0,0,0,0,0.0224476580792002
0.2,8,23,20,1.5,7.06858347057703,7,-0.964539142857143,hdrvdp_csf,24,-1,0,0,0,0,0.0405539925398095
0.2,16,23,20,1.5,7.06858347057703,9,-0.132970777777778,hdrvdp_csf,48,-1,0,0,0,0,0.0415970130874445
0.2,32,23,20,1.5,7.06858347057703,4,-0.02902225,hdrvdp_csf,96,-1,0,0,0,0,0.000245414970916665
2,0.125,23,21,1.5,7.06858347057703,11,-1.40889663636364,hdrvdp_csf,0.375,-1,0,0,0,0,0.00766350066345456
2,0.25,23,21,1.5,7.06858347057703,11,-1.64435545454545,hdrvdp_csf,0.75,-1,0,0,0,0,0.0143814566746727
2,0.5,23,21,1.5,7.06858347057703,14,-2.03037764285714,hdrvdp_csf,1.5,-1,0,0,0,0,0.0130459234162473
2,1,23,21,0.15,0.0706858347057703,10,-1.3025721,hdrvdp_csf,0.3,-1,0,0,0,0,0.00951793159921111
2,1,23,21,0.5,0.785398163397448,10,-1.7552805,hdrvdp_csf,1,-1,0,0,0,0,0.00510701316561109
2,1,23,21,1.5,7.06858347057703,12,-2.24033016666667,hdrvdp_csf,3,-1,0,0,0,0,0.0235782113999697
2,1.41,23,21,1.5,7.06858347057703,14,-2.27060628571429,hdrvdp_csf,4.23,-1,0,0,0,0,0.0175305016494505
2,2,23,21,1.5,7.06858347057703,14,-2.28750835714286,hdrvdp_csf,6,-1,0,0,0,0,0.0242681310907088
2,2.83,23,21,1.5,7.06858347057703,15,-2.20880273333333,hdrvdp_csf,8.49,-1,0,0,0,0,0.0245558555160667
2,4,23,21,1.5,7.06858347057703,13,-2.10526623076923,hdrvdp_csf,12,-1,0,0,0,0,0.0237256374166923
2,8,23,21,0.15,0.0706858347057703,10,-0.9015122,hdrvdp_csf,2.4,-1,0,0,0,0,0.0392204189104
2,8,23,21,0.5,0.785398163397448,10,-1.2900107,hdrvdp_csf,8,-1,0,0,0,0,0.0332833176273445
2,8,23,21,1.5,7.06858347057703,13,-1.56250346153846,hdrvdp_csf,24,-1,0,0,0,0,0.0485124130186026
2,16,23,21,1.5,7.06858347057703,14,-0.733644571428571,hdrvdp_csf,48,-1,0,0,0,0,0.077555356891033
2,32,23,21,1.5,7.06858347057703,6,-0.488751666666667,hdrvdp_csf,96,-1,0,0,0,0,0.0565586249518666
20,0.125,23,22,1.5,7.06858347057703,13,-1.41761576923077,hdrvdp_csf,0.375,-1,0,0,0,0,0.011564419050359
20,0.25,23,22,1.5,7.06858347057703,12,-1.63654558333333,hdrvdp_csf,0.75,-1,0,0,0,0,0.0196570378333562
20,0.5,23,22,1.5,7.06858347057703,12,-1.99358641666667,hdrvdp_csf,1.5,-1,0,0,0,0,0.0204295384264469
20,1,23,22,0.15,0.0706858347057703,12,-1.48161416666667,hdrvdp_csf,0.3,-1,0,0,0,0,0.0121598937359697
20,1,23,22,0.5,0.785398163397448,12,-1.85340383333333,hdrvdp_csf,1,-1,0,0,0,0,0.0126392648930606
20,1,23,22,1.5,7.06858347057703,14,-2.27639171428571,hdrvdp_csf,3,-1,0,0,0,0,0.0128706550006813
20,1.41,23,22,1.5,7.06858347057703,13,-2.45093276923077,hdrvdp_csf,4.23,-1,0,0,0,0,0.0113305665341922
20,2,23,22,1.5,7.06858347057703,15,-2.4747052,hdrvdp_csf,6,-1,0,0,0,0,0.0121795167800285
20,2.83,23,22,1.5,7.06858347057703,15,-2.5120404,hdrvdp_csf,8.49,-1,0,0,0,0,0.0371845668964
20,4,23,22,1.5,7.06858347057703,15,-2.37306973333333,hdrvdp_csf,12,-1,0,0,0,0,0.0301912326924953
20,8,23,22,0.15,0.0706858347057703,12,-1.34886458333333,hdrvdp_csf,2.4,-1,0,0,0,0,0.0106067929889924
20,8,23,22,0.5,0.785398163397448,11,-1.80445654545454,hdrvdp_csf,8,-1,0,0,0,0,0.0328979254342728
20,8,23,22,1.5,7.06858347057703,13,-2.07774869230769,hdrvdp_csf,24,-1,0,0,0,0,0.0762665289828975
20,16,23,22,1.5,7.06858347057703,13,-1.34484784615385,hdrvdp_csf,48,-1,0,0,0,0,0.0419293627684743
20,32,23,22,1.5,7.06858347057703,8,-1.041062,hdrvdp_csf,96,-1,0,0,0,0,0.0455239515485713
150,0.125,23,23,1.5,7.06858347057703,13,-1.35308938461538,hdrvdp_csf,0.375,-1,0,0,0,0,0.0187599348674231
150,0.25,23,23,1.5,7.06858347057703,14,-1.57875464285714,hdrvdp_csf,0.75,-1,0,0,0,0,0.0145804415340934
150,0.5,23,23,1.5,7.06858347057703,13,-1.92664815384615,hdrvdp_csf,1.5,-1,0,0,0,0,0.0136563725778077
150,1,23,23,0.15,0.0706858347057703,12,-1.53003141666667,hdrvdp_csf,0.3,-1,0,0,0,0,0.0217978671373562
150,1,23,23,0.5,0.785398163397448,12,-1.88069991666667,hdrvdp_csf,1,-1,0,0,0,0,0.00548036144971974
150,1,23,23,1.5,7.06858347057703,13,-2.27860053846154,hdrvdp_csf,3,-1,0,0,0,0,0.00919510317943592
150,1.41,23,23,1.5,7.06858347057703,15,-2.400959,hdrvdp_csf,4.23,-1,0,0,0,0,0.0139415720974286
150,2,23,23,1.5,7.06858347057703,17,-2.41247005882353,hdrvdp_csf,6,-1,0,0,0,0,0.0117756678549338
150,2.83,23,23,1.5,7.06858347057703,18,-2.43948955555556,hdrvdp_csf,8.49,-1,0,0,0,0,0.0125086729648497
150,4,23,23,1.5,7.06858347057703,15,-2.37429573333333,hdrvdp_csf,12,-1,0,0,0,0,0.0123198026059238
150,8,23,23,0.15,0.0706858347057703,11,-1.59369172727273,hdrvdp_csf,2.4,-1,0,0,0,0,0.0222149196052181
150,8,23,23,0.5,0.785398163397448,10,-1.9820765,hdrvdp_csf,8,-1,0,0,0,0,0.00836606699561108
150,8,23,23,1.5,7.06858347057703,15,-2.248008,hdrvdp_csf,24,-1,0,0,0,0,0.0113216612571429
150,16,23,23,1.5,7.06858347057703,15,-1.59094566666667,hdrvdp_csf,48,-1,0,0,0,0,0.0658885638578095
150,32,23,23,1.5,7.06858347057703,6,-0.7614195,hdrvdp_csf,96,-1,0,0,0,0,0.2134455264655
30,1.12,36,29,0.5,0.785398163397448,64,-1.820953125,modelfest,1.12,1,0,90,0,0,0.0238282993551587
30,2,36,29,0.25,0.196349540849362,64,-1.76928125,modelfest,1,11,0,90,0,0,0.0321709037698413
30,2,36,29,0.5,0.785398163397448,64,-1.9603125,modelfest,2,2,0,90,0,0,0.0380778055555556
30,2.83,36,29,0.5,0.785398163397448,64,-2.06315625,modelfest,2.83,3,0,90,0,0,0.0376329275793651
30,4,36,29,0.125,0.0490873852123405,64,-1.618546875,modelfest,1,12,0,90,0,0,0.0243506961805556
30,4,36,29,0.5,0.785398163397448,64,-2.106484375,modelfest,4,4,0,90,0,0,0.0512049203869048
30,5.66,36,29,0.5,0.785398163397448,64,-1.99190625,modelfest,5.66,5,0,90,0,0,0.0377458323412698
30,8,36,29,0.0625,0.0122718463030851,64,-1.192859375,modelfest,1,13,0,90,0,0,0.0328926307043651
30,8,36,29,0.5,0.785398163397448,64,-1.843609375,modelfest,8,6,0,90,0,0,0.0372147814980159
30,11.3,36,29,0.5,0.785398163397448,64,-1.620890625,modelfest,11.3,7,0,90,0,0,0.0424286068948413
30,16,36,29,0.03125,0.00306796157577128,64,-0.513484375,modelfest,1,14,0,90,0,0,0.0430970791170635
30,16,36,29,0.5,0.785398163397448,64,-1.29775,modelfest,16,8,0,90,0,0,0.0525648253968254
30,22.6,36,29,0.5,0.785398163397448,64,-0.959453125,modelfest,22.6,9,0,90,0,0,0.0797446326884921
30,30,36,29,0.5,0.785398163397448,64,-0.56746875,modelfest,30,10,0,90,0,0,0.0470459037698413
60,4,49,33,1.23,4.752915525616,15,-1.9956,laird2006,9.84,-1,9.2184,0,0,0,NaN
60,4,49,33,1.23,4.752915525616,15,-1.46,laird2006,9.84,-1,23.022,0,0,0,NaN
60,4,49,33,1.23,4.752915525616,15,-1.0441,laird2006,9.84,-1,31.432,0,0,0,NaN
60,8,49,33,1.23,4.752915525616,15,-1.6435,laird2006,19.68,-1,9.1599,0,0,0,NaN
60,8,49,33,1.23,4.752915525616,15,-1.0239,laird2006,19.68,-1,22.954,0,0,0,NaN
60,8,49,33,1.23,4.752915525616,15,-0.78261,laird2006,19.68,-1,31.436,0,0,0,NaN
60,16,49,33,1.23,4.752915525616,15,-0.59855,laird2006,39.36,-1,9.2437,0,0,0,NaN
60,16,49,33,1.23,4.752915525616,15,-0.29746,laird2006,39.36,-1,22.992,0,0,0,NaN
10,0.491637183,87,47,2.5,19.6349540849362,1,-2.24843478809884,virsu1979,2.458185915,-1,0,0,0,180,NaN
10,0.977356612,87,47,2.5,19.6349540849362,1,-2.41587439567773,virsu1979,4.88678306,-1,0,0,0,180,NaN
10,1.94294895,87,47,2.5,19.6349540849362,1,-2.52421767135051,virsu1979,9.71474475,-1,0,0,0,180,NaN
10,3.862510954,87,47,2.5,19.6349540849362,1,-2.52421767135051,virsu1979,19.31255477,-1,0,0,0,180,NaN
10,7.766968264,87,47,2.5,19.6349540849362,1,-2.39125092416124,virsu1979,38.83484132,-1,0,0,0,180,NaN
10,15.61828477,87,47,2.5,19.6349540849362,1,-1.86923332368245,virsu1979,78.09142385,-1,0,0,0,180,NaN
10,0.496351435,87,47,2.5,19.6349540849362,1,-1.76362598947058,virsu1979,2.481757175,-1,0,0,5,180,NaN
10,0.991447897,87,47,2.5,19.6349540849362,1,-2.03722011961455,virsu1979,4.957239485,-1,0,0,5,180,NaN
10,1.964702103,87,47,2.5,19.6349540849362,1,-2.1979566712011,virsu1979,9.823510515,-1,0,0,5,180,NaN
10,3.893350691,87,47,2.5,19.6349540849362,1,-2.16375740478032,virsu1979,19.466753455,-1,0,0,5,180,NaN
10,7.654142411,87,47,2.5,19.6349540849362,1,-1.76362598947058,virsu1979,38.270712055,-1,0,0,5,180,NaN
10,15.90911985,87,47,2.5,19.6349540849362,1,-0.959943231963721,virsu1979,79.54559925,-1,0,0,5,180,NaN
10,0.500314491,87,47,2.5,19.6349540849362,1,-1.76704591607502,virsu1979,2.501572455,-1,0,0,10,180,NaN
10,0.991447897,87,47,2.5,19.6349540849362,1,-2.04064004623281,virsu1979,4.957239485,-1,0,0,10,180,NaN
10,1.964702103,87,47,2.5,19.6349540849362,1,-2.05773967936218,virsu1979,9.823510515,-1,0,0,10,180,NaN
10,3.924436664,87,47,2.5,19.6349540849362,1,-1.80466510895685,virsu1979,19.62218332,-1,0,0,10,180,NaN
10,7.964628787,87,47,2.5,19.6349540849362,1,-1.07964066392705,virsu1979,39.823143935,-1,0,0,10,180,NaN
10,0.500314491,87,47,2.5,19.6349540849362,1,-1.65760826401099,virsu1979,2.501572455,-1,0,0,15,180,NaN
10,0.991447897,87,47,2.5,19.6349540849362,1,-1.94146217404955,virsu1979,4.957239485,-1,0,0,15,180,NaN
10,2.04439924,87,47,2.5,19.6349540849362,1,-1.82860459537457,virsu1979,10.2219962,-1,0,0,15,180,NaN
10,3.862510954,87,47,2.5,19.6349540849362,1,-1.20959787593892,virsu1979,19.31255477,-1,0,0,15,180,NaN
10,0.49241977,87,47,2.5,19.6349540849362,1,-1.46267244611199,virsu1979,2.46209885,-1,0,0,20,180,NaN
10,0.991447897,87,47,2.5,19.6349540849362,1,-1.54475068533362,virsu1979,4.957239485,-1,0,0,20,180,NaN
10,1.949139442,87,47,2.5,19.6349540849362,1,-1.28141633505658,virsu1979,9.74569721,-1,0,0,20,180,NaN
10,3.987355197,87,47,2.5,19.6349540849362,1,-0.320416952582018,virsu1979,19.936775985,-1,0,0,20,180,NaN
10,0.496351435,87,47,2.5,19.6349540849362,1,-1.34639494084652,virsu1979,2.481757175,-1,0,0,25,180,NaN
10,0.983594509,87,47,2.5,19.6349540849362,1,-1.31561560124787,virsu1979,4.917972545,-1,0,0,25,180,NaN
10,2.077176072,87,47,2.5,19.6349540849362,1,-0.812886387057344,virsu1979,10.38588036,-1,0,0,25,180,NaN
10,0.488519249,87,47,2.5,19.6349540849362,1,-1.21301780239459,virsu1979,2.442596245,-1,0,0,30,180,NaN
10,0.991447897,87,47,2.5,19.6349540849362,1,-1.07964066392705,virsu1979,4.957239485,-1,0,0,30,180,NaN
10,1.980389022,87,47,2.5,19.6349540849362,1,-0.474313650979824,virsu1979,9.90194511,-1,0,0,30,180,NaN
20,0.5,88,48,1.25,6.25,1,-1.6187166315861,robson1966,1.25,-1,1,0,0,0,NaN
20,0.707106781186547,88,48,1.25,6.25,1,-1.84364912712273,robson1966,1.76776695296637,-1,1,0,0,0,NaN
20,1,88,48,1.25,6.25,1,-1.98283705454748,robson1966,2.5,-1,1,0,0,0,NaN
20,1.4142135623731,88,48,1.25,6.25,1,-2.16332510564171,robson1966,3.53553390593274,-1,1,0,0,0,NaN
20,2,88,48,1.25,6.25,1,-2.21996325650836,robson1966,5,-1,1,0,0,0,NaN
20,2.82842712474619,88,48,1.25,6.25,1,-2.32428101944778,robson1966,7.07106781186547,-1,1,0,0,0,NaN
20,4,88,48,1.25,6.25,1,-2.31426259765232,robson1966,10,-1,1,0,0,0,NaN
20,5.65685424949238,88,48,1.25,6.25,1,-2.2534606192542,robson1966,14.1421356237309,-1,1,0,0,0,NaN
20,8,88,48,1.25,6.25,1,-2.17362111606631,robson1966,20,-1,1,0,0,0,NaN
20,11.3137084989848,88,48,1.25,6.25,1,-1.8906473859035,robson1966,28.2842712474619,-1,1,0,0,0,NaN
20,16,88,48,1.25,6.25,1,-1.59170979281881,robson1966,40,-1,1,0,0,0,NaN
20,22.6274169979695,88,48,1.25,6.25,1,-1.28967834959303,robson1966,56.5685424949238,-1,1,0,0,0,NaN
20,29.8570557291778,88,48,1.25,6.25,1,-0.641665631003248,robson1966,74.6426393229446,-1,1,0,0,0,NaN
20,0.5,88,48,1.25,6.25,1,-2.25681186970727,robson1966,1.25,-1,6.06286626604159,0,0,0,NaN
20,0.707106781186547,88,48,1.25,6.25,1,-2.24364912704199,robson1966,1.76776695296637,-1,6.06286626604159,0,0,0,NaN
20,1,88,48,1.25,6.25,1,-2.31299578460956,robson1966,2.5,-1,6.06286626604159,0,0,0,NaN
20,1.4142135623731,88,48,1.25,6.25,1,-2.32522986761387,robson1966,3.53553390593274,-1,6.06286626604159,0,0,0,NaN
20,2,88,48,1.25,6.25,1,-2.28664001715782,robson1966,5,-1,6.06286626604159,0,0,0,NaN
20,2.82842712474619,88,48,1.25,6.25,1,-2.26077886200452,robson1966,7.07106781186547,-1,6.06286626604159,0,0,0,NaN
20,4,88,48,1.25,6.25,1,-2.20631599565451,robson1966,10,-1,6.06286626604159,0,0,0,NaN
20,5.65685424949238,88,48,1.25,6.25,1,-2.08839134833664,robson1966,14.1421356237309,-1,6.06286626604159,0,0,0,NaN
20,8,88,48,1.25,6.25,1,-1.87839311480316,robson1966,20,-1,6.06286626604159,0,0,0,NaN
20,11.3137084989848,88,48,1.25,6.25,1,-1.66841506954593,robson1966,28.2842712474619,-1,6.06286626604159,0,0,0,NaN
20,16,88,48,1.25,6.25,1,-1.38218598324263,robson1966,40,-1,6.06286626604159,0,0,0,NaN
20,22.6274169979695,88,48,1.25,6.25,1,-1.04523390524473,robson1966,56.5685424949238,-1,6.06286626604159,0,0,0,NaN
20,29.8570557291778,88,48,1.25,6.25,1,-0.527390010902302,robson1966,74.6426393229446,-1,6.06286626604159,0,0,0,NaN
20,0.5,88,48,1.25,6.25,1,-1.69172241053119,robson1966,1.25,-1,16,0,0,0,NaN
20,0.707106781186547,88,48,1.25,6.25,1,-1.68808347746946,robson1966,1.76776695296637,-1,16,0,0,0,NaN
20,1,88,48,1.25,6.25,1,-1.68759895929574,robson1966,2.5,-1,16,0,0,0,NaN
20,1.4142135623731,88,48,1.25,6.25,1,-1.69030923259054,robson1966,3.53553390593274,-1,16,0,0,0,NaN
20,2,88,48,1.25,6.25,1,-1.66759239814948,robson1966,5,-1,16,0,0,0,NaN
20,2.82842712474619,88,48,1.25,6.25,1,-1.69569949680408,robson1966,7.07106781186547,-1,16,0,0,0,NaN
20,4,88,48,1.25,6.25,1,-1.61584989937298,robson1966,10,-1,16,0,0,0,NaN
20,5.65685424949238,88,48,1.25,6.25,1,-1.47570302980284,robson1966,14.1421356237309,-1,16,0,0,0,NaN
20,8,88,48,1.25,6.25,1,-1.30376975189936,robson1966,20,-1,16,0,0,0,NaN
20,11.3137084989848,88,48,1.25,6.25,1,-1.10016110126118,robson1966,28.2842712474619,-1,16,0,0,0,NaN
20,16,88,48,1.25,6.25,1,-0.82662033360756,robson1966,40,-1,16,0,0,0,NaN
20,22.6274169979695,88,48,1.25,6.25,1,-0.505541271373887,robson1966,56.5685424949238,-1,16,0,0,0,NaN
20,0.5,88,48,1.25,6.25,1,-1.25363726656848,robson1966,1.25,-1,22.6274169979695,0,0,0,NaN
20,0.707106781186547,88,48,1.25,6.25,1,-1.24682373035083,robson1966,1.76776695296637,-1,22.6274169979695,0,0,0,NaN
20,1,88,48,1.25,6.25,1,-1.23997991180095,robson1966,2.5,-1,22.6274169979695,0,0,0,NaN
20,1.4142135623731,88,48,1.25,6.25,1,-1.23315628141988,robson1966,3.53553390593274,-1,22.6274169979695,0,0,0,NaN
20,2,88,48,1.25,6.25,1,-1.19139182788774,robson1966,5,-1,22.6274169979695,0,0,0,NaN
20,2.82842712474619,88,48,1.25,6.25,1,-1.13696933807184,robson1966,7.07106781186547,-1,22.6274169979695,0,0,0,NaN
20,4,88,48,1.25,6.25,1,-1.08569116907705,robson1966,10,-1,22.6274169979695,0,0,0,NaN
20,5.65685424949238,88,48,1.25,6.25,1,-0.945534205467829,robson1966,14.1421356237309,-1,22.6274169979695,0,0,0,NaN
20,8,88,48,1.25,6.25,1,-0.760922703189924,robson1966,20,-1,22.6274169979695,0,0,0,NaN
20,11.3137084989848,88,48,1.25,6.25,1,-0.595399196545268,robson1966,28.2842712474619,-1,22.6274169979695,0,0,0,NaN
20,0.5,88,48,1.25,6.25,1,-1.46425951835747,robson1966,1.25,-1,0.5,0,0,0,NaN
20,0.5,88,48,1.25,6.25,1,-1.51249102957497,robson1966,1.25,-1,0.707106781186547,0,0,0,NaN
20,0.5,88,48,1.25,6.25,1,-1.59609231580227,robson1966,1.25,-1,1,0,0,0,NaN
20,0.5,88,48,1.25,6.25,1,-1.69255533828863,robson1966,1.25,-1,1.4142135623731,0,0,0,NaN
20,0.5,88,48,1.25,6.25,1,-1.83081900389516,robson1966,1.25,-1,2,0,0,0,NaN
20,0.5,88,48,1.25,6.25,1,-1.98515983994727,robson1966,1.25,-1,2.82842712474619,0,0,0,NaN
20,0.5,88,48,1.25,6.25,1,-2.13628524177163,robson1966,1.25,-1,4,0,0,0,NaN
20,0.5,88,48,1.25,6.25,1,-2.25525630296289,robson1966,1.25,-1,5.65685424949238,0,0,0,NaN
20,0.5,88,48,1.25,6.25,1,-2.16843958266988,robson1966,1.25,-1,8,0,0,0,NaN
20,0.5,88,48,1.25,6.25,1,-2.00445244428643,robson1966,1.25,-1,11.3137084989848,0,0,0,NaN
20,0.5,88,48,1.25,6.25,1,-1.68933990420779,robson1966,1.25,-1,16,0,0,0,NaN
20,0.5,88,48,1.25,6.25,1,-1.26811803918322,robson1966,1.25,-1,22.6274169979695,0,0,0,NaN
20,0.5,88,48,1.25,6.25,1,-0.586446013571636,robson1966,1.25,-1,32,0,0,0,NaN
20,4,88,48,1.25,6.25,1,-2.33376611579026,robson1966,10,-1,0.5,0,0,0,NaN
20,4,88,48,1.25,6.25,1,-2.28279826251487,robson1966,10,-1,0.707106781186547,0,0,0,NaN
20,4,88,48,1.25,6.25,1,-2.22544590091186,robson1966,10,-1,1,0,0,0,NaN
20,4,88,48,1.25,6.25,1,-2.21287784972472,robson1966,10,-1,1.4142135623731,0,0,0,NaN
20,4,88,48,1.25,6.25,1,-2.20032525750503,robson1966,10,-1,2,0,0,0,NaN
20,4,88,48,1.25,6.25,1,-2.15256254076828,robson1966,10,-1,2.82842712474619,0,0,0,NaN
20,4,88,48,1.25,6.25,1,-2.1208100472054,robson1966,10,-1,4,0,0,0,NaN
20,4,88,48,1.25,6.25,1,-2.10184718205998,robson1966,10,-1,5.65685424949238,0,0,0,NaN
20,4,88,48,1.25,6.25,1,-2.06049473829585,robson1966,10,-1,8,0,0,0,NaN
20,4,88,48,1.25,6.25,1,-1.92630670174115,robson1966,10,-1,11.3137084989848,0,0,0,NaN
20,4,88,48,1.25,6.25,1,-1.58096613025203,robson1966,10,-1,16,0,0,0,NaN
20,4,88,48,1.25,6.25,1,-1.1427899662393,robson1966,10,-1,22.6274169979695,0,0,0,NaN
20,4,88,48,1.25,6.25,1,-0.483851010634857,robson1966,10,-1,32,0,0,0,NaN
20,16,88,48,1.25,6.25,1,-1.54975984975968,robson1966,40,-1,0.5,0,0,0,NaN
20,16,88,48,1.25,6.25,1,-1.55319171618393,robson1966,40,-1,0.707106781186547,0,0,0,NaN
20,16,88,48,1.25,6.25,1,-1.48944454070748,robson1966,40,-1,1,0,0,0,NaN
20,16,88,48,1.25,6.25,1,-1.42568190620864,robson1966,40,-1,1.4142135623731,0,0,0,NaN
20,16,88,48,1.25,6.25,1,-1.39392425993653,robson1966,40,-1,2,0,0,0,NaN
20,16,88,48,1.25,6.25,1,-1.38136136165682,robson1966,40,-1,2.82842712474619,0,0,0,NaN
20,16,88,48,1.25,6.25,1,-1.32400384734215,robson1966,40,-1,4,0,0,0,NaN
20,16,88,48,1.25,6.25,1,-1.26664633273576,robson1966,40,-1,5.65685424949238,0,0,0,NaN
20,16,88,48,1.25,6.25,1,-1.14209431750504,robson1966,40,-1,8,0,0,0,NaN
20,16,88,48,1.25,6.25,1,-1.0047166035346,robson1966,40,-1,11.3137084989848,0,0,0,NaN
20,16,88,48,1.25,6.25,1,-0.780965099653489,robson1966,40,-1,16,0,0,0,NaN
20,16,88,48,1.25,6.25,1,-0.397193808217295,robson1966,40,-1,22.6274169979695,0,0,0,NaN
20,22.6274169979695,88,48,1.25,6.25,1,-1.24895624695977,robson1966,56.5685424949238,-1,0.5,0,0,0,NaN
20,22.6274169979695,88,48,1.25,6.25,1,-1.22359341472692,robson1966,56.5685424949238,-1,0.707106781186547,0,0,0,NaN
20,22.6274169979695,88,48,1.25,6.25,1,-1.19184607428407,robson1966,56.5685424949238,-1,1,0,0,0,NaN
20,22.6274169979695,88,48,1.25,6.25,1,-1.1792780229678,robson1966,56.5685424949238,-1,1.4142135623731,0,0,0,NaN
20,22.6274169979695,88,48,1.25,6.25,1,-1.10591543797508,robson1966,56.5685424949238,-1,2,0,0,0,NaN
20,22.6274169979695,88,48,1.25,6.25,1,-1.07096296131391,robson1966,56.5685424949238,-1,2.82842712474619,0,0,0,NaN
20,22.6274169979695,88,48,1.25,6.25,1,-0.991205562194497,robson1966,56.5685424949238,-1,4,0,0,0,NaN
20,22.6274169979695,88,48,1.25,6.25,1,-0.921042960753201,robson1966,56.5685424949238,-1,5.65685424949238,0,0,0,NaN
20,22.6274169979695,88,48,1.25,6.25,1,-0.796480639679716,robson1966,56.5685424949238,-1,8,0,0,0,NaN
20,22.6274169979695,88,48,1.25,6.25,1,-0.665508045649903,robson1966,56.5685424949238,-1,11.3137084989848,0,0,0,NaN
20,22.6274169979695,88,48,1.25,6.25,1,-0.400167061833275,robson1966,56.5685424949238,-1,16,0,0,0,NaN
10,1,90,50,1,1.5707963267949,1,-1.56172757589666,virsu1982,2,-1,1,0,0,180,NaN
10,2,90,50,1,1.5707963267949,1,-1.82291898865972,virsu1982,4,-1,1,0,0,180,NaN
10,3.0314331330208,90,50,1,1.5707963267949,1,-1.9335933160763,virsu1982,6.06286626604159,-1,1,0,0,180,NaN
10,4,90,50,1,1.5707963267949,1,-1.94687423541575,virsu1982,8,-1,1,0,0,180,NaN
10,6.06286626604159,90,50,1,1.5707963267949,1,-1.88489661200218,virsu1982,12.1257325320832,-1,1,0,0,180,NaN
10,8,90,50,1,1.5707963267949,1,-1.7299525536416,virsu1982,16,-1,1,0,0,180,NaN
10,11.3137084989848,90,50,1,1.5707963267949,1,-1.47761508711578,virsu1982,22.6274169979695,-1,1,0,0,180,NaN
10,16,90,50,1,1.5707963267949,1,-1.10574934700054,virsu1982,32,-1,1,0,0,180,NaN
10,22.6274169979695,90,50,1,1.5707963267949,1,-0.764872418596866,virsu1982,45.254833995939,-1,1,0,0,180,NaN
10,1,90,50,1,1.5707963267949,1,-1.41121049057205,virsu1982,2,-1,1,0,1.5,180,NaN
10,2,90,50,1,1.5707963267949,1,-1.64141309174756,virsu1982,4,-1,1,0,1.5,180,NaN
10,3.0314331330208,90,50,1,1.5707963267949,1,-1.73437952670502,virsu1982,6.06286626604159,-1,1,0,1.5,180,NaN
10,4,90,50,1,1.5707963267949,1,-1.76536833841921,virsu1982,8,-1,1,0,1.5,180,NaN
10,6.06286626604159,90,50,1,1.5707963267949,1,-1.69010979576544,virsu1982,12.1257325320832,-1,1,0,1.5,180,NaN
10,8,90,50,1,1.5707963267949,1,-1.53516573736356,virsu1982,16,-1,1,0,1.5,180,NaN
10,11.3137084989848,90,50,1,1.5707963267949,1,-1.2385585400406,virsu1982,22.6274169979695,-1,1,0,1.5,180,NaN
10,16,90,50,1,1.5707963267949,1,-0.844557934330686,virsu1982,32,-1,1,0,1.5,180,NaN
10,22.6274169979695,90,50,1,1.5707963267949,1,-0.39743365157864,virsu1982,45.254833995939,-1,1,0,1.5,180,NaN
10,1,90,50,1,1.5707963267949,1,-1.15001907795455,virsu1982,2,-1,1,0,4,180,NaN
10,2,90,50,1,1.5707963267949,1,-1.4377723292092,virsu1982,4,-1,1,0,4,180,NaN
10,3.0314331330208,90,50,1,1.5707963267949,1,-1.55287362968979,virsu1982,6.06286626604159,-1,1,0,4,180,NaN
10,4,90,50,1,1.5707963267949,1,-1.57058152220121,virsu1982,8,-1,1,0,4,180,NaN
10,6.06286626604159,90,50,1,1.5707963267949,1,-1.48204206027839,virsu1982,12.1257325320832,-1,1,0,4,180,NaN
10,8,90,50,1,1.5707963267949,1,-1.32267102876941,virsu1982,16,-1,1,0,4,180,NaN
10,11.3137084989848,90,50,1,1.5707963267949,1,-0.977367127212536,virsu1982,22.6274169979695,-1,1,0,4,180,NaN
10,1,90,50,1,1.5707963267949,1,-0.977367127212536,virsu1982,2,-1,1,0,7.5,180,NaN
10,2,90,50,1,1.5707963267949,1,-1.26512037856181,virsu1982,4,-1,1,0,7.5,180,NaN
10,3.0314331330208,90,50,1,1.5707963267949,1,-1.54401968350021,virsu1982,6.06286626604159,-1,1,0,7.5,180,NaN
10,4,90,50,1,1.5707963267949,1,-1.32267102876941,virsu1982,8,-1,1,0,7.5,180,NaN
10,6.06286626604159,90,50,1,1.5707963267949,1,-1.18543486290482,virsu1982,12.1257325320832,-1,1,0,7.5,180,NaN
10,8,90,50,1,1.5707963267949,1,-0.844557934330686,virsu1982,16,-1,1,0,7.5,180,NaN
10,11.3137084989848,90,50,1,1.5707963267949,1,-0.317748135695135,virsu1982,22.6274169979695,-1,1,0,7.5,180,NaN
10,1,90,50,1,1.5707963267949,1,-0.751591499251473,virsu1982,2,-1,1,0,14,180,NaN
10,2,90,50,1,1.5707963267949,1,-1.01720988504473,virsu1982,4,-1,1,0,14,180,NaN
10,3.0314331330208,90,50,1,1.5707963267949,1,-1.2385585400406,virsu1982,6.06286626604159,-1,1,0,14,180,NaN
10,4,90,50,1,1.5707963267949,1,-0.972940154120524,virsu1982,8,-1,1,0,14,180,NaN
10,6.06286626604159,90,50,1,1.5707963267949,1,-0.671905983505771,virsu1982,12.1257325320832,-1,1,0,14,180,NaN
10,1,90,50,1,1.5707963267949,1,-0.441703382529403,virsu1982,2,-1,1,0,30,180,NaN
10,2,90,50,1,1.5707963267949,1,-0.331029055110637,virsu1982,4,-1,1,0,30,180,NaN
10,1,90,50,1,1.5707963267949,1,-1.35225386809751,virsu1982,2,-1,18,0,0,180,NaN
10,2,90,50,1,1.5707963267949,1,-1.32654510362978,virsu1982,4,-1,18,0,0,180,NaN
10,2.82842712474619,90,50,1,1.5707963267949,1,-1.28263814914692,virsu1982,5.65685424949238,-1,18,0,0,180,NaN
10,4,90,50,1,1.5707963267949,1,-1.22087862461639,virsu1982,8,-1,18,0,0,180,NaN
10,6.06286626604159,90,50,1,1.5707963267949,1,-1.11929311321031,virsu1982,12.1257325320832,-1,18,0,0,180,NaN
10,8,90,50,1,1.5707963267949,1,-0.999815152303745,virsu1982,16,-1,18,0,0,180,NaN
10,11.3137084989848,90,50,1,1.5707963267949,1,-0.822658634091907,virsu1982,22.6274169979695,-1,18,0,0,180,NaN
10,16,90,50,1,1.5707963267949,1,-0.570050746657287,virsu1982,32,-1,18,0,0,180,NaN
10,1,90,50,1,1.5707963267949,1,-1.31229495068937,virsu1982,2,-1,18,0,1.5,180,NaN
10,2,90,50,1,1.5707963267949,1,-1.25549373483141,virsu1982,4,-1,18,0,1.5,180,NaN
10,2.82842712474619,90,50,1,1.5707963267949,1,-1.20270702124167,virsu1982,5.65685424949238,-1,18,0,1.5,180,NaN
10,4,90,50,1,1.5707963267949,1,-1.23419826379114,virsu1982,8,-1,18,0,1.5,180,NaN
10,6.06286626604159,90,50,1,1.5707963267949,1,-0.994976480973274,virsu1982,12.1257325320832,-1,18,0,1.5,180,NaN
10,8,90,50,1,1.5707963267949,1,-0.87548522698645,virsu1982,16,-1,18,0,1.5,180,NaN
10,11.3137084989848,90,50,1,1.5707963267949,1,-0.773819957078301,virsu1982,22.6274169979695,-1,18,0,1.5,180,NaN
10,16,90,50,1,1.5707963267949,1,-0.241499647021229,virsu1982,32,-1,18,0,1.5,180,NaN
10,1,90,50,1,1.5707963267949,1,-1.14804598699697,virsu1982,2,-1,18,0,4,180,NaN
10,2,90,50,1,1.5707963267949,1,-1.12672392989369,virsu1982,4,-1,18,0,4,180,NaN
10,2.82842712474619,90,50,1,1.5707963267949,1,-1.06063087006867,virsu1982,5.65685424949238,-1,18,0,4,180,NaN
10,4,90,50,1,1.5707963267949,1,-0.981125119685614,virsu1982,8,-1,18,0,4,180,NaN
10,6.06286626604159,90,50,1,1.5707963267949,1,-0.8307009311534,virsu1982,12.1257325320832,-1,18,0,4,180,NaN
10,8,90,50,1,1.5707963267949,1,-0.67569063938321,virsu1982,16,-1,18,0,4,180,NaN
10,11.3137084989848,90,50,1,1.5707963267949,1,-0.294339533108082,virsu1982,22.6274169979695,-1,18,0,4,180,NaN
10,1,90,50,1,1.5707963267949,1,-1.0192628888934,virsu1982,2,-1,18,0,7.5,180,NaN
10,2,90,50,1,1.5707963267949,1,-0.891436890640614,virsu1982,4,-1,18,0,7.5,180,NaN
10,2.82842712474619,90,50,1,1.5707963267949,1,-0.798677966386234,virsu1982,5.65685424949238,-1,18,0,7.5,180,NaN
10,4,90,50,1,1.5707963267949,1,-0.665893659335723,virsu1982,8,-1,18,0,7.5,180,NaN
10,6.06286626604159,90,50,1,1.5707963267949,1,-0.346780627266134,virsu1982,12.1257325320832,-1,18,0,7.5,180,NaN
10,1,90,50,1,1.5707963267949,1,-0.748430225705947,virsu1982,2,-1,18,0,14,180,NaN
10,2,90,50,1,1.5707963267949,1,-0.682762543673392,virsu1982,4,-1,18,0,14,180,NaN
10,2.82842712474619,90,50,1,1.5707963267949,1,-0.576670687072609,virsu1982,5.65685424949238,-1,18,0,14,180,NaN
10,4,90,50,1,1.5707963267949,1,-0.430580033870052,virsu1982,8,-1,18,0,14,180,NaN
10,1,90,50,1,1.5707963267949,1,-0.411012659694716,virsu1982,2,-1,18,0,30,180,NaN
0.021,1,91,51,1.129788761,4.01,1,-0.682608695689891,snowden1995,2.259577522,-1,0.757858283255199,0,0,0,0
0.021,1,91,51,1.129788761,4.01,1,-0.673913043476583,snowden1995,2.259577522,-1,1.5157165665104,0,0,0,0
0.021,1,91,51,1.129788761,4.01,1,-0.586956521776645,snowden1995,2.259577522,-1,2.29739670999407,0,0,0,0
0.021,1,91,51,1.129788761,4.01,1,-0.491304347766271,snowden1995,2.259577522,-1,3.0314331330208,0,0,0,0
0.021,1,91,51,1.129788761,4.01,1,-0.334782608701618,snowden1995,2.259577522,-1,4.59479341998814,0,0,0,0
0.021,1,91,51,1.129788761,4.01,1,-0.178260869480562,snowden1995,2.259577522,-1,6.06286626604159,0,0,0,0
0.021,4,91,51,1.129788761,4.01,1,-0.177186493314428,snowden1995,9.038310088,-1,0.812252396356236,0,0,0,0
0.021,4,91,51,1.129788761,4.01,1,-0.193175038729267,snowden1995,9.038310088,-1,1.5157165665104,0,0,0,0
0.021,4,91,51,1.129788761,4.01,1,-0.140645507851744,snowden1995,9.038310088,-1,2.46228882668983,0,0,0,0
0.021,4,91,51,1.129788761,4.01,1,-0.0366901325540826,snowden1995,9.038310088,-1,3.24900958542494,0,0,0,0
0.025,1,91,52,1.129788761,4.01,1,-0.854978354996644,snowden1995,2.259577522,-1,0.757858283255199,0,0,0,0
0.025,1,91,52,1.129788761,4.01,1,-0.863636363656312,snowden1995,2.259577522,-1,1.5157165665104,0,0,0,0
0.025,1,91,52,1.129788761,4.01,1,-0.889610389602021,snowden1995,2.259577522,-1,2.29739670999407,0,0,0,0
0.025,1,91,52,1.129788761,4.01,1,-0.785714285743782,snowden1995,2.259577522,-1,3.0314331330208,0,0,0,0
0.025,1,91,52,1.129788761,4.01,1,-0.456709956695377,snowden1995,2.259577522,-1,4.59479341998814,0,0,0,0
0.025,1,91,52,1.129788761,4.01,1,-0.196969696925021,snowden1995,2.259577522,-1,6.06286626604159,0,0,0,0
0.55,0.25,91,53,1.129788761,4.01,1,-0.992824951560041,snowden1995,0.5648943805,-1,7.46426393229446,0,0,0,0
0.55,0.25,91,53,1.129788761,4.01,1,-0.548534585209404,snowden1995,0.5648943805,-1,10.5560632861832,0,0,0,0
0.55,0.25,91,53,1.129788761,4.01,1,-0.290857993651458,snowden1995,0.5648943805,-1,13.928809012738,0,0,0,0
0.55,1,91,53,1.129788761,4.01,1,-1.74347826085183,snowden1995,2.259577522,-1,0.757858283255199,0,0,0,0
0.55,1,91,53,1.129788761,4.01,1,-1.69130434785496,snowden1995,2.259577522,-1,1.5157165665104,0,0,0,0
0.55,1,91,53,1.129788761,4.01,1,-1.74347826085183,snowden1995,2.259577522,-1,3.0314331330208,0,0,0,0
0.55,1,91,53,1.129788761,4.01,1,-1.59565217388135,snowden1995,2.259577522,-1,6.06286626604159,0,0,0,0
0.55,1,91,53,1.129788761,4.01,1,-1.29130434782447,snowden1995,2.259577522,-1,9.18958683997628,0,0,0,0
0.55,1,91,53,1.129788761,4.01,1,-0.856521739116218,snowden1995,2.259577522,-1,12.1257325320832,0,0,0,0
0.55,1,91,53,1.129788761,4.01,1,-0.0913043479528524,snowden1995,2.259577522,-1,18.3791736799526,0,0,0,0
0.55,4,91,53,1.129788761,4.01,1,-1.34960028631158,snowden1995,9.038310088,-1,0.812252396356236,0,0,0,0
0.55,4,91,53,1.129788761,4.01,1,-1.35693831283425,snowden1995,9.038310088,-1,1.62450479271247,0,0,0,0
0.55,4,91,53,1.129788761,4.01,1,-1.24355685484607,snowden1995,9.038310088,-1,3.24900958542494,0,0,0,0
0.55,4,91,53,1.129788761,4.01,1,-1.08668879341008,snowden1995,9.038310088,-1,6.06286626604159,0,0,0,0
0.55,4,91,53,1.129788761,4.01,1,-0.99224436223294,snowden1995,9.038310088,-1,6.49801917084988,0,0,0,0
0.55,4,91,53,1.129788761,4.01,2,-0.593214173767188,snowden1995,9.038310088,-1,9.18958683997628,0,0,0,0.0206799698947108
0.55,4,91,53,1.129788761,4.01,2,-0.249233987717478,snowden1995,9.038310088,-1,12.1257325320832,0,0,0,0.0119129327675566
0.69,0.25,91,54,1.129788761,4.01,1,-1.1976744185821,snowden1995,0.5648943805,-1,7.46426393229446,0,0,0,0
0.69,0.25,91,54,1.129788761,4.01,1,-0.750000000007453,snowden1995,0.5648943805,-1,10.5560632861832,0,0,0,0
0.69,0.25,91,54,1.129788761,4.01,1,-0.348837209345646,snowden1995,0.5648943805,-1,13.928809012738,0,0,0,0
0.69,0.25,91,54,1.129788761,4.01,1,-0.116279069897241,snowden1995,0.5648943805,-1,14.9285278645889,0,0,0,0
0.69,1,91,54,1.129788761,4.01,1,-1.80735930735048,snowden1995,2.259577522,-1,0.757858283255199,0,0,0,0
0.69,1,91,54,1.129788761,4.01,1,-1.68614718615154,snowden1995,2.259577522,-1,1.5157165665104,0,0,0,0
0.69,1,91,54,1.129788761,4.01,1,-1.85064935063757,snowden1995,2.259577522,-1,3.0314331330208,0,0,0,0
0.69,1,91,54,1.129788761,4.01,1,-1.48701298702942,snowden1995,2.259577522,-1,6.06286626604159,0,0,0,0
0.69,1,91,54,1.129788761,4.01,1,-1.05411255400276,snowden1995,2.259577522,-1,9.18958683997628,0,0,0,0
0.69,1,91,54,1.129788761,4.01,1,-0.586580086547473,snowden1995,2.259577522,-1,12.1257325320832,0,0,0,0
0.69,2,91,54,1.129788761,4.01,1,-1.20348837210653,snowden1995,4.519155044,-1,6.06286626604159,0,0,0,0
0.69,2,91,54,1.129788761,4.01,1,-0.796511627938318,snowden1995,4.519155044,-1,9.18958683997628,0,0,0,0
0.69,2,91,54,1.129788761,4.01,1,-0.406976744182729,snowden1995,4.519155044,-1,12.1257325320832,0,0,0,0
17,0.25,91,55,1.129788761,4.01,1,-1.94993640249983,snowden1995,0.5648943805,-1,7.46426393229446,0,0,0,0
17,0.25,91,55,1.129788761,4.01,1,-1.44788459212282,snowden1995,0.5648943805,-1,14.9285278645889,0,0,0,0
17,0.25,91,55,1.129788761,4.01,1,-0.99381003632607,snowden1995,0.5648943805,-1,22.6274169979695,0,0,0,0
17,0.25,91,55,1.129788761,4.01,1,-0.599770358357797,snowden1995,0.5648943805,-1,29.8570557291778,0,0,0,0
17,0.25,91,55,1.129788761,4.01,1,-0.0937300357787443,snowden1995,0.5648943805,-1,39.3966212270373,0,0,0,0
17,1,91,55,1.129788761,4.01,1,-2.19565217402646,snowden1995,2.259577522,-1,0.757858283255199,0,0,0,0
17,1,91,55,1.129788761,4.01,1,-2.31739130434797,snowden1995,2.259577522,-1,1.5157165665104,0,0,0,0
17,1,91,55,1.129788761,4.01,1,-2.31739130434797,snowden1995,2.259577522,-1,3.0314331330208,0,0,0,0
17,1,91,55,1.129788761,4.01,1,-2.26521739140027,snowden1995,2.259577522,-1,6.06286626604159,0,0,0,0
17,1,91,55,1.129788761,4.01,1,-2.10000000007101,snowden1995,2.259577522,-1,9.18958683997628,0,0,0,0
17,1,91,55,1.129788761,4.01,1,-2.04782608699597,snowden1995,2.259577522,-1,12.1257325320832,0,0,0,0
17,1,91,55,1.129788761,4.01,1,-1.49999999997688,snowden1995,2.259577522,-1,18.3791736799526,0,0,0,0
17,1,91,55,1.129788761,4.01,1,-0.98695652172514,snowden1995,2.259577522,-1,24.2514650641664,0,0,0,0
17,1,91,55,1.129788761,4.01,1,-0.491304347766271,snowden1995,2.259577522,-1,36.7583473599051,0,0,0,0
17,4,91,55,1.129788761,4.01,1,-1.99612218113666,snowden1995,9.038310088,-1,0.812252396356236,0,0,0,0
17,4,91,55,1.129788761,4.01,1,-1.99483951796481,snowden1995,9.038310088,-1,1.62450479271247,0,0,0,0
17,4,91,55,1.129788761,4.01,1,-1.95045340651288,snowden1995,9.038310088,-1,3.24900958542494,0,0,0,0
17,4,91,55,1.129788761,4.01,1,-1.79396850015621,snowden1995,9.038310088,-1,6.49801917084988,0,0,0,0
17,4,91,55,1.129788761,4.01,1,-1.69842500894828,snowden1995,9.038310088,-1,9.18958683997628,0,0,0,0
17,4,91,55,1.129788761,4.01,1,-1.44785825079712,snowden1995,9.038310088,-1,12.9960383416998,0,0,0,0
17,4,91,55,1.129788761,4.01,1,-0.740215964694625,snowden1995,9.038310088,-1,19.6983106135187,0,0,0,0
17,4,91,55,1.129788761,4.01,1,-0.43795489800581,snowden1995,9.038310088,-1,25.9920766833995,0,0,0,0
17,10,91,55,0.564189584,1,1,-1.05435714755559,snowden1995,11.28379168,-1,6.06286626604159,0,0,0,0
17,10,91,55,0.564189584,1,1,-0.897538978625295,snowden1995,11.28379168,-1,9.18958683997628,0,0,0,0
17,10,91,55,0.564189584,1,1,-0.740709299043201,snowden1995,11.28379168,-1,12.1257325320832,0,0,0,0
17,10,91,55,0.564189584,1,1,-0.291072178857212,snowden1995,11.28379168,-1,18.3791736799526,0,0,0,0
22,0.25,91,56,1.129788761,4.01,1,-2.1047197639077,snowden1995,0.5648943805,-1,7.46426393229446,0,0,0,0
22,0.25,91,56,1.129788761,4.01,1,-1.65634218290265,snowden1995,0.5648943805,-1,14.9285278645889,0,0,0,0
22,0.25,91,56,1.129788761,4.01,1,-1.10766961635693,snowden1995,0.5648943805,-1,22.6274169979695,0,0,0,0
22,0.25,91,56,1.129788761,4.01,1,-0.446902654865788,snowden1995,0.5648943805,-1,29.8570557291778,0,0,0,0
22,0.25,91,56,1.129788761,4.01,1,-0.0929203538742679,snowden1995,0.5648943805,-1,34.2967508011614,0,0,0,0
22,1,91,56,1.129788761,4.01,1,-2.30952380952273,snowden1995,2.259577522,-1,0.757858283255199,0,0,0,0
22,1,91,56,1.129788761,4.01,1,-2.31818181813649,snowden1995,2.259577522,-1,1.5157165665104,0,0,0,0
22,1,91,56,1.129788761,4.01,1,-2.25757575751736,snowden1995,2.259577522,-1,3.0314331330208,0,0,0,0
22,1,91,56,1.129788761,4.01,1,-2.39610389612163,snowden1995,2.259577522,-1,6.06286626604159,0,0,0,0
22,1,91,56,1.129788761,4.01,1,-2.1536796536744,snowden1995,2.259577522,-1,9.18958683997628,0,0,0,0
22,1,91,56,1.129788761,4.01,1,-1.94588744588844,snowden1995,2.259577522,-1,12.1257325320832,0,0,0,0
22,1,91,56,1.129788761,4.01,1,-1.45238095231131,snowden1995,2.259577522,-1,18.3791736799526,0,0,0,0
22,1,91,56,1.129788761,4.01,1,-0.751082251054524,snowden1995,2.259577522,-1,24.2514650641664,0,0,0,0
22,1,91,56,1.129788761,4.01,1,-0.153679653674397,snowden1995,2.259577522,-1,36.7583473599051,0,0,0,0
22,5,91,56,1.129788761,4.01,1,-1.78613569320314,snowden1995,11.29788761,-1,6.06286626604159,0,0,0,0
22,5,91,56,1.129788761,4.01,1,-1.44395280229187,snowden1995,11.29788761,-1,9.18958683997628,0,0,0,0
22,5,91,56,1.129788761,4.01,1,-1.249262536969,snowden1995,11.29788761,-1,12.1257325320832,0,0,0,0
22,5,91,56,1.129788761,4.01,1,-0.582595870166578,snowden1995,11.29788761,-1,18.3791736799526,0,0,0,0
22,5,91,56,1.129788761,4.01,1,-0.281710914474317,snowden1995,11.29788761,-1,24.2514650641664,0,0,0,0
660,0.25,91,57,1.129788761,4.01,1,-2.10471861152645,snowden1995,0.5648943805,-1,12.1257325320832,0,0,0,0
660,0.25,91,57,1.129788761,4.01,1,-1.8462011980178,snowden1995,0.5648943805,-1,24.2514650641664,0,0,0,0
660,0.25,91,57,1.129788761,4.01,1,-1.25861211733512,snowden1995,0.5648943805,-1,36.7583473599051,0,0,0,0
660,0.25,91,57,1.129788761,4.01,1,-0.795499206888054,snowden1995,0.5648943805,-1,45.254833995939,0,0,0,0
660,0.25,91,57,1.129788761,4.01,1,-0.392215356175697,snowden1995,0.5648943805,-1,55.7152360509519,0,0,0,0
660,1,91,57,1.129788761,4.01,1,-2.31739130434797,snowden1995,2.259577522,-1,0.757858283255199,0,0,0,0
660,1,91,57,1.129788761,4.01,1,-2.20434782596558,snowden1995,2.259577522,-1,1.5157165665104,0,0,0,0
660,1,91,57,1.129788761,4.01,1,-2.31739130434797,snowden1995,2.259577522,-1,3.0314331330208,0,0,0,0
660,1,91,57,1.129788761,4.01,1,-2.56956521738769,snowden1995,2.259577522,-1,6.49801917084988,0,0,0,0
660,1,91,57,1.129788761,4.01,1,-2.50869565212971,snowden1995,2.259577522,-1,9.18958683997628,0,0,0,0
660,1,91,57,1.129788761,4.01,1,-2.35217391301176,snowden1995,2.259577522,-1,12.1257325320832,0,0,0,0
660,1,91,57,1.129788761,4.01,1,-2.20434782596558,snowden1995,2.259577522,-1,18.3791736799526,0,0,0,0
660,1,91,57,1.129788761,4.01,1,-1.96086956521973,snowden1995,2.259577522,-1,24.2514650641664,0,0,0,0
660,1,91,57,1.129788761,4.01,1,-1.60434782611978,snowden1995,2.259577522,-1,36.7583473599051,0,0,0,0
660,1,91,57,1.129788761,4.01,1,-0.743478260851834,snowden1995,2.259577522,-1,45.254833995939,0,0,0,0
660,1,91,57,1.129788761,4.01,1,-0.534782608745304,snowden1995,2.259577522,-1,55.7152360509519,0,0,0,0
660,4,91,57,1.129788761,4.01,1,-2.39267390532568,snowden1995,9.038310088,-1,0.812252396356236,0,0,0,0
660,4,91,57,1.129788761,4.01,1,-2.39139124213145,snowden1995,9.038310088,-1,1.62450479271247,0,0,0,0
660,4,91,57,1.129788761,4.01,1,-2.3470051305617,snowden1995,9.038310088,-1,3.24900958542494,0,0,0,0
660,4,91,57,1.129788761,4.01,1,-2.30258918976529,snowden1995,9.038310088,-1,6.49801917084988,0,0,0,0
660,4,91,57,1.129788761,4.01,1,-2.25876983651002,snowden1995,9.038310088,-1,9.18958683997628,0,0,0,0
660,4,91,57,1.129788761,4.01,1,-2.10303066453433,snowden1995,9.038310088,-1,12.9960383416998,0,0,0,0
660,4,91,57,1.129788761,4.01,1,-1.96435389572536,snowden1995,9.038310088,-1,19.6983106135187,0,0,0,0
660,4,91,57,1.129788761,4.01,1,-1.64485144966069,snowden1995,9.038310088,-1,25.9920766833995,0,0,0,0
660,4,91,57,1.129788761,4.01,1,-1.15269657552722,snowden1995,9.038310088,-1,39.3966212270373,0,0,0,0
660,4,91,57,1.129788761,4.01,1,-0.988485860883589,snowden1995,9.038310088,-1,48.5029301283327,0,0,0,0
660,4,91,57,1.129788761,4.01,1,-0.729537048075779,snowden1995,9.038310088,-1,55.7152360509519,0,0,0,0
660,10,91,57,0.564189584,1,1,-1.74628879891126,snowden1995,11.28379168,-1,9.18958683997628,0,0,0,0
660,10,91,57,0.564189584,1,1,-1.65598882493286,snowden1995,11.28379168,-1,12.1257325320832,0,0,0,0
660,10,91,57,0.564189584,1,1,-1.26179652904532,snowden1995,11.28379168,-1,18.3791736799526,0,0,0,0
660,10,91,57,0.564189584,1,1,-0.901733077646695,snowden1995,11.28379168,-1,24.2514650641664,0,0,0,0
660,10,91,57,0.564189584,1,1,-0.502201860903865,snowden1995,11.28379168,-1,36.7583473599051,0,0,0,0
660,20,91,57,0.282094792,0.25,1,-1.40038354995669,snowden1995,11.28379168,-1,7.46426393229446,0,0,0,0
660,20,91,57,0.282094792,0.25,1,-1.25440964077981,snowden1995,11.28379168,-1,11.3137084989848,0,0,0,0
660,20,91,57,0.282094792,0.25,1,-0.903319364561889,snowden1995,11.28379168,-1,14.9285278645889,0,0,0,0
660,20,91,57,0.282094792,0.25,1,-0.740275114263517,snowden1995,11.28379168,-1,19.6983106135187,0,0,0,0
660,20,91,57,0.282094792,0.25,1,-0.654153940836154,snowden1995,11.28379168,-1,22.6274169979695,0,0,0,0
660,20,91,57,0.282094792,0.25,1,-0.293865568165634,snowden1995,11.28379168,-1,29.8570557291778,0,0,0,0
870,0.25,91,58,1.129788761,4.01,1,-1.85337815198271,snowden1995,0.5648943805,-1,18.3791736799526,0,0,0,0
870,0.25,91,58,1.129788761,4.01,1,-1.75156652658358,snowden1995,0.5648943805,-1,24.2514650641664,0,0,0,0
870,0.25,91,58,1.129788761,4.01,1,-1.21532067456713,snowden1995,0.5648943805,-1,36.7583473599051,0,0,0,0
870,0.25,91,58,1.129788761,4.01,1,-0.661732565102578,snowden1995,0.5648943805,-1,45.254833995939,0,0,0,0
870,0.25,91,58,1.129788761,4.01,1,-0.108144455572849,snowden1995,0.5648943805,-1,55.7152360509519,0,0,0,0
870,1,91,58,1.129788761,4.01,1,-1.85064935063757,snowden1995,2.259577522,-1,0.757858283255199,0,0,0,0
870,1,91,58,1.129788761,4.01,1,-1.99783549785493,snowden1995,2.259577522,-1,1.5157165665104,0,0,0,0
870,1,91,58,1.129788761,4.01,1,-2.10173160158625,snowden1995,2.259577522,-1,3.0314331330208,0,0,0,0
870,1,91,58,1.129788761,4.01,1,-2.24891774897757,snowden1995,2.259577522,-1,6.06286626604159,0,0,0,0
870,1,91,58,1.129788761,4.01,1,-2.34415584407767,snowden1995,2.259577522,-1,9.18958683997628,0,0,0,0
870,1,91,58,1.129788761,4.01,1,-2.1536796536744,snowden1995,2.259577522,-1,12.1257325320832,0,0,0,0
870,1,91,58,1.129788761,4.01,1,-1.98917748919881,snowden1995,2.259577522,-1,18.3791736799526,0,0,0,0
870,1,91,58,1.129788761,4.01,1,-1.64285714288079,snowden1995,2.259577522,-1,24.2514650641664,0,0,0,0
870,1,91,58,1.129788761,4.01,1,-1.03679653659766,snowden1995,2.259577522,-1,34.2967508011614,0,0,0,0
870,1,91,58,1.129788761,4.01,1,-0.387445887468004,snowden1995,2.259577522,-1,45.254833995939,0,0,0,0
870,1,91,58,1.129788761,4.01,1,-0.188311688218009,snowden1995,2.259577522,-1,55.7152360509519,0,0,0,0
870,10,91,58,0.564189584,1,1,-2.01037777532344,snowden1995,11.28379168,-1,9.18958683997628,0,0,0,0
870,10,91,58,0.564189584,1,1,-1.6097917920746,snowden1995,11.28379168,-1,12.1257325320832,0,0,0,0
870,10,91,58,0.564189584,1,1,-1.40561695796214,snowden1995,11.28379168,-1,18.3791736799526,0,0,0,0
870,10,91,58,0.564189584,1,1,-0.95839548530945,snowden1995,11.28379168,-1,24.2514650641664,0,0,0,0
870,10,91,58,0.564189584,1,1,-0.507425617817046,snowden1995,11.28379168,-1,36.7583473599051,0,0,0,0
225,0.3789291416276,92,59,0.5,0.785398163397448,1,-2.33838578869209,anderson1991,0.3789291416276,-1,8,0,8,180,NaN
225,1,92,59,0.5,0.785398163397448,1,-2.51612280368078,anderson1991,1,-1,8,0,8,180,NaN
225,2.14354692507259,92,59,0.5,0.785398163397448,1,-2.24968623294394,anderson1991,2.14354692507259,-1,8,0,8,180,NaN
225,4.92457765337966,92,59,0.5,0.785398163397448,1,-1.77524618650769,anderson1991,4.92457765337966,-1,8,0,8,180,NaN
225,6.96440450636899,92,59,0.5,0.785398163397448,1,-1.16540355268974,anderson1991,6.96440450636899,-1,8,0,8,180,NaN
225,8.57418770029035,92,59,0.5,0.785398163397448,1,-0.72781907700972,anderson1991,8.57418770029035,-1,8,0,8,180,NaN
225,0.3789291416276,92,59,0.5,0.785398163397448,1,-2.51759509559089,anderson1991,0.3789291416276,-1,8,0,8,0,NaN
225,1,92,59,0.5,0.785398163397448,1,-2.47308843411318,anderson1991,1,-1,8,0,8,0,NaN
225,2.14354692507259,92,59,0.5,0.785398163397448,1,-2.37154856157248,anderson1991,2.14354692507259,-1,8,0,8,0,NaN
225,4.92457765337966,92,59,0.5,0.785398163397448,1,-1.86843502606348,anderson1991,4.92457765337966,-1,8,0,8,0,NaN
225,6.96440450636899,92,59,0.5,0.785398163397448,1,-1.28009750915663,anderson1991,6.96440450636899,-1,8,0,8,0,NaN
225,8.57418770029035,92,59,0.5,0.785398163397448,1,-0.885595674850098,anderson1991,8.57418770029035,-1,8,0,8,0,NaN
225,9.84915530675933,92,59,0.5,0.785398163397448,1,-0.0824483490978642,anderson1991,9.84915530675933,-1,8,0,8,0,NaN
225,0.1894645708138,92,59,2.5,19.6349540849362,1,-2.32402148159302,anderson1991,0.947322854068999,-1,8,0,25,180,NaN
225,0.406126198178118,92,59,2.5,19.6349540849362,1,-2.42214124958902,anderson1991,2.03063099089059,-1,8,0,25,180,NaN
225,0.757858283255199,92,59,2.5,19.6349540849362,1,-2.37703473489278,anderson1991,3.78929141627599,-1,8,0,25,180,NaN
225,1.62450479271247,92,59,2.5,19.6349540849362,1,-2.20992152787484,anderson1991,8.12252396356235,-1,8,0,25,180,NaN
225,2.46228882668983,92,59,2.5,19.6349540849362,1,-1.86459710164793,anderson1991,12.3114441334492,-1,8,0,25,180,NaN
225,3.24900958542494,92,59,2.5,19.6349540849362,1,-1.48381142906637,anderson1991,16.2450479271247,-1,8,0,25,180,NaN
225,3.4822022531845,92,59,2.5,19.6349540849362,1,-0.781016682769173,anderson1991,17.4110112659225,-1,8,0,25,180,NaN
225,4,92,59,2.5,19.6349540849362,1,-0.343264387445143,anderson1991,20,-1,8,0,25,180,NaN
225,4.28709385014517,92,59,2.5,19.6349540849362,1,-0.0492623157342258,anderson1991,21.4354692507259,-1,8,0,25,180,NaN
225,0.1894645708138,92,59,2.5,19.6349540849362,1,-2.20932614116529,anderson1991,0.947322854068999,-1,8,0,25,0,NaN
225,0.3789291416276,92,59,2.5,19.6349540849362,1,-2.32187808859633,anderson1991,1.894645708138,-1,8,0,25,0,NaN
225,0.757858283255199,92,59,2.5,19.6349540849362,1,-2.1619809714737,anderson1991,3.78929141627599,-1,8,0,25,0,NaN
225,1.14869835499704,92,59,2.5,19.6349540849362,1,-2.00313173550972,anderson1991,5.74349177498518,-1,8,0,25,0,NaN
225,1.62450479271247,92,59,2.5,19.6349540849362,1,-1.57914478614203,anderson1991,8.12252396356235,-1,8,0,25,0,NaN
225,1.74110112659225,92,59,2.5,19.6349540849362,1,-1.35658914723752,anderson1991,8.70550563296124,-1,8,0,25,0,NaN
225,2.14354692507259,92,59,2.5,19.6349540849362,1,-0.725097941116601,anderson1991,10.7177346253629,-1,8,0,25,0,NaN
225,2.46228882668983,92,59,2.5,19.6349540849362,1,-0.0653139475225087,anderson1991,12.3114441334492,-1,8,0,25,0,NaN
225,0.217637640824031,92,59,2.5,19.6349540849362,1,-2.59856630820852,anderson1991,1.08818820412015,-1,8,0,40,180,NaN
225,0.406126198178118,92,59,2.5,19.6349540849362,1,-2.52688172037714,anderson1991,2.03063099089059,-1,8,0,40,180,NaN
225,0.659753955386447,92,59,2.5,19.6349540849362,1,-2.31182795702497,anderson1991,3.29876977693224,-1,8,0,40,180,NaN
225,1,92,59,2.5,19.6349540849362,1,-2.22580645164366,anderson1991,5,-1,8,0,40,180,NaN
225,1.31950791077289,92,59,2.5,19.6349540849362,1,-2.08243727590763,anderson1991,6.59753955386447,-1,8,0,40,180,NaN
225,1.31950791077289,92,59,2.5,19.6349540849362,1,-1.96774193547476,anderson1991,6.59753955386447,-1,8,0,40,180,NaN
225,1.5157165665104,92,59,2.5,19.6349540849362,1,-1.93189964155651,anderson1991,7.57858283255199,-1,8,0,40,180,NaN
225,2,92,59,2.5,19.6349540849362,1,-1.22222222217014,anderson1991,10,-1,8,0,40,180,NaN
225,2.29739670999407,92,59,2.5,19.6349540849362,1,-1.17204301087696,anderson1991,11.4869835499703,-1,8,0,40,180,NaN
225,2.46228882668983,92,59,2.5,19.6349540849362,1,-0.756272401464458,anderson1991,12.3114441334492,-1,8,0,40,180,NaN
225,2.82842712474619,92,59,2.5,19.6349540849362,1,-0.0681003585635738,anderson1991,14.1421356237309,-1,8,0,40,180,NaN
225,0.217637640824031,92,59,2.5,19.6349540849362,1,-2.27598566312701,anderson1991,1.08818820412015,-1,8,0,40,0,NaN
225,0.406126198178118,92,59,2.5,19.6349540849362,1,-2.24014336922904,anderson1991,2.03063099089059,-1,8,0,40,0,NaN
225,0.659753955386447,92,59,2.5,19.6349540849362,1,-2.0322580645013,anderson1991,3.29876977693224,-1,8,0,40,0,NaN
225,1,92,59,2.5,19.6349540849362,1,-1.68100358423853,anderson1991,5,-1,8,0,40,0,NaN
225,1.23114441334492,92,59,2.5,19.6349540849362,1,-1.09318996402378,anderson1991,6.15572206672458,-1,8,0,40,0,NaN
225,1.31950791077289,92,59,2.5,19.6349540849362,1,-0.849462365608519,anderson1991,6.59753955386447,-1,8,0,40,0,NaN
225,1.4142135623731,92,59,2.5,19.6349540849362,1,-0.0896057348902575,anderson1991,7.07106781186548,-1,8,0,40,0,NaN
225,0.203063099089059,92,59,2.5,19.6349540849362,1,-2.36200716840421,anderson1991,1.01531549544529,-1,8,0,55,180,NaN
225,0.406126198178118,92,59,2.5,19.6349540849362,1,-2.31182795702497,anderson1991,2.03063099089059,-1,8,0,55,180,NaN
225,0.707106781186547,92,59,2.5,19.6349540849362,1,-2.25448028683604,anderson1991,3.53553390593274,-1,8,0,55,180,NaN
225,0.812252396356236,92,59,2.5,19.6349540849362,1,-2.08960573489026,anderson1991,4.06126198178118,-1,8,0,55,180,NaN
225,1.23114441334492,92,59,2.5,19.6349540849362,1,-1.55197132617341,anderson1991,6.15572206672458,-1,8,0,55,180,NaN
225,1.4142135623731,92,59,2.5,19.6349540849362,1,-1.21505376333128,anderson1991,7.07106781186548,-1,8,0,55,180,NaN
225,1.62450479271247,92,59,2.5,19.6349540849362,1,-0.584229390731005,anderson1991,8.12252396356235,-1,8,0,55,180,NaN
225,1.74110112659225,92,59,2.5,19.6349540849362,1,-0.218637992922174,anderson1991,8.70550563296124,-1,8,0,55,180,NaN
225,1.86606598307361,92,59,2.5,19.6349540849362,1,-0.0824372759076255,anderson1991,9.33032991536807,-1,8,0,55,180,NaN
225,0.153893051668115,92,59,2.5,19.6349540849362,1,-1.58781362010108,anderson1991,0.769465258340573,-1,8,0,55,0,NaN
225,0.203063099089059,92,59,2.5,19.6349540849362,1,-1.6164874551947,anderson1991,1.01531549544529,-1,8,0,55,0,NaN
225,0.267943365634073,92,59,2.5,19.6349540849362,1,-1.49462365594167,anderson1991,1.33971682817037,-1,8,0,55,0,NaN
225,0.406126198178118,92,59,2.5,19.6349540849362,1,-1.44444444441212,anderson1991,2.03063099089059,-1,8,0,55,0,NaN
225,0.5,92,59,2.5,19.6349540849362,1,-1.13620071695271,anderson1991,2.5,-1,8,0,55,0,NaN
225,0.615572206672458,92,59,2.5,19.6349540849362,1,-0.827956989232086,anderson1991,3.07786103336229,-1,8,0,55,0,NaN
225,0.707106781186547,92,59,2.5,19.6349540849362,1,-0.562724014377093,anderson1991,3.53553390593274,-1,8,0,55,0,NaN
225,0.757858283255199,92,59,2.5,19.6349540849362,1,-0.0824372759076255,anderson1991,3.78929141627599,-1,8,0,55,0,NaN
225,0.3789291416276,92,59,0.5,0.785398163397448,1,-2.18461538458945,anderson1991,0.3789291416276,-1,8,0,8,90,NaN
225,0.757858283255199,92,59,0.5,0.785398163397448,1,-2.3230769230632,anderson1991,0.757858283255199,-1,8,0,8,90,NaN
225,1.5157165665104,92,59,0.5,0.785398163397448,1,-2.19999999987365,anderson1991,1.5157165665104,-1,8,0,8,90,NaN
225,3.0314331330208,92,59,0.5,0.785398163397448,1,-2.11538461547818,anderson1991,3.0314331330208,-1,8,0,8,90,NaN
225,6.06286626604159,92,59,0.5,0.785398163397448,1,-1.58461538458664,anderson1991,6.06286626604159,-1,8,0,8,90,NaN
225,8,92,59,0.5,0.785398163397448,1,-0.838461538456881,anderson1991,8,-1,8,0,8,90,NaN
225,8.57418770029035,92,59,0.5,0.785398163397448,1,-0.215384615414459,anderson1991,8.57418770029035,-1,8,0,8,90,NaN
225,0.3789291416276,92,59,0.5,0.785398163397448,1,-2.18461538458945,anderson1991,0.3789291416276,-1,8,0,8,270,NaN
225,0.757858283255199,92,59,0.5,0.785398163397448,1,-2.23846153849613,anderson1991,0.757858283255199,-1,8,0,8,270,NaN
225,1.5157165665104,92,59,0.5,0.785398163397448,1,-2.13076923079094,anderson1991,1.5157165665104,-1,8,0,8,270,NaN
225,3.24900958542494,92,59,0.5,0.785398163397448,1,-2,anderson1991,3.24900958542494,-1,8,0,8,270,NaN
225,6.06286626604159,92,59,0.5,0.785398163397448,1,-1.37692307697724,anderson1991,6.06286626604159,-1,8,0,8,270,NaN
225,7.46426393229446,92,59,0.5,0.785398163397448,1,-0.499999999976875,anderson1991,7.46426393229446,-1,8,0,8,270,NaN
225,9.18958683997628,92,59,0.5,0.785398163397448,1,-0.0769230770269646,anderson1991,9.18958683997628,-1,8,0,8,270,NaN
225,0.217637640824031,92,59,2.5,19.6349540849362,1,-2.11835994389449,anderson1991,1.08818820412015,-1,8,0,40,90,NaN
225,0.406126198178118,92,59,2.5,19.6349540849362,1,-2.02473274872548,anderson1991,2.03063099089059,-1,8,0,40,90,NaN
225,0.812252396356236,92,59,2.5,19.6349540849362,1,-1.4443925362285,anderson1991,4.06126198178118,-1,8,0,40,90,NaN
225,1.23114441334492,92,59,2.5,19.6349540849362,1,-0.90318502845348,anderson1991,6.15572206672458,-1,8,0,40,90,NaN
225,1.31950791077289,92,59,2.5,19.6349540849362,1,-0.377971365017692,anderson1991,6.59753955386447,-1,8,0,40,90,NaN
225,0.217637640824031,92,59,2.5,19.6349540849362,1,-2.0103053119158,anderson1991,1.08818820412015,-1,8,0,40,270,NaN
225,0.406126198178118,92,59,2.5,19.6349540849362,1,-1.93206738298416,anderson1991,2.03063099089059,-1,8,0,40,270,NaN
225,0.812252396356236,92,59,2.5,19.6349540849362,1,-1.52933578825564,anderson1991,4.06126198178118,-1,8,0,40,270,NaN
225,1.14869835499704,92,59,2.5,19.6349540849362,1,-0.856907307143988,anderson1991,5.74349177498518,-1,8,0,40,270,NaN
225,1.31950791077289,92,59,2.5,19.6349540849362,1,-0.323944049045424,anderson1991,6.59753955386447,-1,8,0,40,270,NaN
100,0.25,94,63,3,36,1,-1.648236966,wright1983,1.5,-1,0,0,0.402777778,90,0
100,0.25,94,63,3,36,1,-1.665029088,wright1983,1.5,-1,0,0,1.398148148,90,0
100,0.25,94,63,3,36,1,-1.609490186,wright1983,1.5,-1,0,0,2.717592593,90,0
100,0.25,94,63,3,36,1,-1.727784439,wright1983,1.5,-1,0,0,4.060185185,90,0
100,0.25,94,63,3,36,1,-1.666222577,wright1983,1.5,-1,0,0,5.402777778,90,0
100,0.25,94,63,3,36,1,-1.61065592,wright1983,1.5,-1,0,0,6.74537037,90,0
100,0.25,94,63,3,36,1,-1.663030687,wright1983,1.5,-1,0,0,8.064814815,90,0
100,0.25,94,63,3,36,1,-1.637495559,wright1983,1.5,-1,0,0,9.361111111,90,0
100,0.25,94,63,3,36,1,-1.611932676,wright1983,1.5,-1,0,0,10.68055556,90,0
100,0.25,94,63,3,36,1,-1.53246847,wright1983,1.5,-1,0,0,11.9537037,90,0
100,0.25,94,63,3,36,1,-1.73630129,wright1983,1.5,-1,0.25,0,0.317861211,90,0
100,0.25,94,63,3,36,1,-1.716773219,wright1983,1.5,-1,0.25,0,1.31574567,90,0
100,0.25,94,63,3,36,1,-1.582540974,wright1983,1.5,-1,0.25,0,2.660727653,90,0
100,0.25,94,63,3,36,1,-1.580518424,wright1983,1.5,-1,0.25,0,4.006937115,90,0
100,0.25,94,63,3,36,1,-1.602534,wright1983,1.5,-1,0.25,0,5.353369755,90,0
100,0.25,94,63,3,36,1,-1.55250494,wright1983,1.5,-1,0.25,0,6.652711845,90,0
100,0.25,94,63,3,36,1,-1.580495176,wright1983,1.5,-1,0.25,0,8.022410787,90,0
100,0.25,94,63,3,36,1,-1.464361269,wright1983,1.5,-1,0.25,0,9.321139138,90,0
100,0.25,94,63,3,36,1,-1.456364059,wright1983,1.5,-1,0.25,0,10.6440823,90,0
100,0.25,94,63,3,36,1,-1.466465187,wright1983,1.5,-1,0.25,0,11.92077182,90,0
100,0.25,94,63,3,36,1,-2.241032198,wright1983,1.5,-1,8,0,0.368968964,90,0
100,0.25,94,63,3,36,1,-2.139843681,wright1983,1.5,-1,8,0,0.402777778,90,0
100,0.25,94,63,3,36,1,-2.257561316,wright1983,1.5,-1,8,0,1.36718819,90,0
100,0.25,94,63,3,36,1,-2.072702949,wright1983,1.5,-1,8,0,1.398148148,90,0
100,0.25,94,63,3,36,1,-2.285586423,wright1983,1.5,-1,8,0,2.713676624,90,0
100,0.25,94,63,3,36,1,-2.131017408,wright1983,1.5,-1,8,0,2.763888889,90,0
100,0.25,94,63,3,36,1,-2.105454525,wright1983,1.5,-1,8,0,4.083333333,90,0
100,0.25,94,63,3,36,1,-2.28349413,wright1983,1.5,-1,8,0,4.106307102,90,0
100,0.25,94,63,3,36,1,-2.215436476,wright1983,1.5,-1,8,0,5.405481809,90,0
100,0.25,94,63,3,36,1,-2.067817968,wright1983,1.5,-1,8,0,5.472222222,90,0
100,0.25,94,63,3,36,1,-2.105277229,wright1983,1.5,-1,8,0,6.727476462,90,0
100,0.25,94,63,3,36,1,-1.99432121,wright1983,1.5,-1,8,0,6.768518519,90,0
100,0.25,94,63,3,36,1,-2.145356271,wright1983,1.5,-1,8,0,8.050865977,90,0
100,0.25,94,63,3,36,1,-1.962763123,wright1983,1.5,-1,8,0,8.087962963,90,0
100,0.25,94,63,3,36,1,-2.041136813,wright1983,1.5,-1,8,0,9.41933744,90,0
100,0.25,94,63,3,36,1,-1.925154321,wright1983,1.5,-1,8,0,9.453703704,90,0
100,0.25,94,63,3,36,1,-2.015250494,wright1983,1.5,-1,8,0,10.64927118,90,0
100,0.25,94,63,3,36,1,-1.851685318,wright1983,1.5,-1,8,0,10.72685185,90,0
100,0.25,94,63,3,36,1,-2.037335813,wright1983,1.5,-1,8,0,11.94928281,90,0
100,0.25,94,63,3,36,1,-1.880134781,wright1983,1.5,-1,8,0,12,90,0
100,0.25,94,63,3,36,1,-1.838498198,wright1983,1.5,-1,16,0,0.29559921,90,0
100,0.25,94,63,3,36,1,-1.822153388,wright1983,1.5,-1,16,0,0.356481481,90,0
100,0.25,94,63,3,36,1,-1.854922701,wright1983,1.5,-1,16,0,1.363449959,90,0
100,0.25,94,63,3,36,1,-1.784933165,wright1983,1.5,-1,16,0,1.398148148,90,0
100,0.25,94,63,3,36,1,-1.80485877,wright1983,1.5,-1,16,0,2.686002557,90,0
100,0.25,94,63,3,36,1,-1.783378852,wright1983,1.5,-1,16,0,2.694444444,90,0
100,0.25,94,63,3,36,1,-1.832918749,wright1983,1.5,-1,16,0,4.009280484,90,0
100,0.25,94,63,3,36,1,-1.721789235,wright1983,1.5,-1,16,0,4.060185185,90,0
100,0.25,94,63,3,36,1,-1.812867604,wright1983,1.5,-1,16,0,5.355322562,90,0
100,0.25,94,63,3,36,1,-1.708133493,wright1983,1.5,-1,16,0,5.449074074,90,0
100,0.25,94,63,3,36,1,-1.738765547,wright1983,1.5,-1,16,0,6.677651982,90,0
100,0.25,94,63,3,36,1,-1.712546629,wright1983,1.5,-1,16,0,6.768518519,90,0
100,0.25,94,63,3,36,1,-1.742717657,wright1983,1.5,-1,16,0,8.047127746,90,0
100,0.25,94,63,3,36,1,-1.639022116,wright1983,1.5,-1,16,0,8.087962963,90,0
100,0.25,94,63,3,36,1,-1.637495559,wright1983,1.5,-1,16,0,9.361111111,90,0
100,0.25,94,63,3,36,1,-1.650587005,wright1983,1.5,-1,16,0,9.369289783,90,0
100,0.25,94,63,3,36,1,-1.702754853,wright1983,1.5,-1,16,0,10.64636987,90,0
100,0.25,94,63,3,36,1,-1.53999023,wright1983,1.5,-1,16,0,10.68055556,90,0
100,0.25,94,63,3,36,1,-1.598640009,wright1983,1.5,-1,16,0,11.94520981,90,0
100,0.25,94,63,3,36,1,-1.53246847,wright1983,1.5,-1,16,0,11.9537037,90,0
100,2,94,63,1.75,2.345,2,-2.307989073,wright1983,7,-1,0,0,0,90,0.00579668341277999
100,2,94,63,1.75,2.345,1,-2.263392857,wright1983,7,-1,0,0,0.367346939,90,0
100,2,94,63,1.75,2.345,1,-2.174655909,wright1983,7,-1,0,0,0.392857143,90,0
100,2,94,63,1.75,2.345,1,-2.053504296,wright1983,7,-1,0,0,1.336734694,90,0
100,2,94,63,1.75,2.345,1,-2.029137569,wright1983,7,-1,0,0,1.387755102,90,0
100,2,94,63,1.75,2.345,1,-1.935972744,wright1983,7,-1,0,0,2.68877551,90,0
100,2,94,63,1.75,2.345,1,-1.936995729,wright1983,7,-1,0,0,2.714285714,90,0
100,2,94,63,1.75,2.345,1,-1.811845462,wright1983,7,-1,0,0,4.015306122,90,0
100,2,94,63,1.75,2.345,1,-1.904671503,wright1983,7,-1,0,0,4.066326531,90,0
100,2,94,63,1.75,2.345,2,-1.8359948745,wright1983,7,-1,0,0,5.392857143,90,0.00369455590028162
100,2,94,63,1.75,2.345,1,-1.714923469,wright1983,7,-1,0,0,6.693877551,90,0
100,2,94,63,1.75,2.345,1,-1.760271883,wright1983,7,-1,0,0,6.744897959,90,0
100,2,94,63,1.75,2.345,2,-1.6853840835,wright1983,7,-1,0,0,8.045918367,90,0.000596574294786144
100,2,94,63,1.75,2.345,1,-1.571898496,wright1983,7,-1,0,0,9.295918367,90,0
100,2,94,63,1.75,2.345,1,-1.602532375,wright1983,7,-1,0,0,9.346938776,90,0
100,2,94,63,1.75,2.345,1,-1.487244898,wright1983,7,-1,0,0,10.62244898,90,0
100,2,94,63,1.75,2.345,1,-1.517035053,wright1983,7,-1,0,0,10.67346939,90,0
100,2,94,63,1.75,2.345,1,-1.369696563,wright1983,7,-1,0,0,11.94897959,90,0
100,2,94,63,1.75,2.345,1,-1.365075598,wright1983,7,-1,0,0,11.9744898,90,0
100,2,94,63,1.75,2.345,2,-2.0507468055,wright1983,7,-1,8,0,0,90,0.00815904364463419
100,2,94,63,1.75,2.345,2,-2.011107438,wright1983,7,-1,8,0,0.392857143,90,0.00115330472121314
100,2,94,63,1.75,2.345,1,-1.921958915,wright1983,7,-1,8,0,1.387755102,90,0
100,2,94,63,1.75,2.345,1,-1.929503695,wright1983,7,-1,8,0,1.43877551,90,0
100,2,94,63,1.75,2.345,1,-1.705726369,wright1983,7,-1,8,0,2.714285714,90,0
100,2,94,63,1.75,2.345,1,-1.85731236,wright1983,7,-1,8,0,2.790816327,90,0
100,2,94,63,1.75,2.345,2,-1.6861903665,wright1983,7,-1,8,0,4.091836735,90,6.89960632350142e-05
100,2,94,63,1.75,2.345,1,-1.549593851,wright1983,7,-1,8,0,5.392857143,90,0
100,2,94,63,1.75,2.345,1,-1.646433657,wright1983,7,-1,8,0,5.418367347,90,0
100,2,94,63,1.75,2.345,2,-1.5457102805,wright1983,7,-1,8,0,6.744897959,90,0.000257736648048685
100,2,94,63,1.75,2.345,1,-1.452655075,wright1983,7,-1,8,0,8.045918367,90,0
100,2,94,63,1.75,2.345,1,-1.442216421,wright1983,7,-1,8,0,8.071428571,90,0
100,2,94,63,1.75,2.345,2,-1.3554777965,wright1983,7,-1,8,0,9.37244898,90,0.00686236853789006
100,2,94,63,1.75,2.345,1,-1.217541622,wright1983,7,-1,8,0,10.67346939,90,0
100,2,94,63,1.75,2.345,1,-1.304427419,wright1983,7,-1,8,0,10.69897959,90,0
100,2,94,63,1.75,2.345,1,-1.198962642,wright1983,7,-1,8,0,11.9744898,90,0
100,2,94,63,1.75,2.345,1,-1.198677497,wright1983,7,-1,8,0,12,90,0
100,2,94,63,1.75,2.345,2,-1.5350560395,wright1983,7,-1,16,0,0,90,0.00923005494571607
100,2,94,63,1.75,2.345,1,-1.421270811,wright1983,7,-1,16,0,0.341836735,90,0
100,2,94,63,1.75,2.345,1,-1.523493118,wright1983,7,-1,16,0,0.392857143,90,0
100,2,94,63,1.75,2.345,2,-1.4928589605,wright1983,7,-1,16,0,1.387755102,90,0.00397551167697856
100,2,94,63,1.75,2.345,2,-1.3649219865,wright1983,7,-1,16,0,2.714285714,90,0.00900223106550993
100,2,94,63,1.75,2.345,1,-1.153967508,wright1983,7,-1,16,0,4.040816327,90,0
100,2,94,63,1.75,2.345,1,-1.213641603,wright1983,7,-1,16,0,4.066326531,90,0
100,2,94,63,1.75,2.345,1,-1.029840226,wright1983,7,-1,16,0,5.367346939,90,0
100,2,94,63,1.75,2.345,1,-1.13480575,wright1983,7,-1,16,0,5.418367347,90,0
100,2,94,63,1.75,2.345,1,-1.129413937,wright1983,7,-1,16,0,6.719387755,90,0
100,2,94,63,1.75,2.345,1,-1.036036341,wright1983,7,-1,16,0,6.770408163,90,0
100,2,94,63,1.75,2.345,1,-1.044743555,wright1983,7,-1,16,0,8.020408163,90,0
100,2,94,63,1.75,2.345,1,-0.904010441,wright1983,7,-1,16,0,8.071428571,90,0
100,2,94,63,1.75,2.345,2,-0.8465382965,wright1983,7,-1,16,0,9.37244898,90,0.00157272182945251
100,2,94,63,1.75,2.345,2,-0.745096958,wright1983,7,-1,16,0,10.67346939,90,0.000122257696856072
100,2,94,63,1.75,2.345,1,-0.639450188,wright1983,7,-1,16,0,11.9744898,90,0
100,2,94,63,1.75,2.345,1,-0.674062648,wright1983,7,-1,16,0,12,90,0
100,6,94,63,1.75,2.345,2,-2.1687324215,wright1983,21,-1,0,0,0,90,0.0161227116639957
100,6,94,63,1.75,2.345,1,-2.103515568,wright1983,21,-1,0,0,0.319907856,90,0
100,6,94,63,1.75,2.345,1,-2.054179567,wright1983,21,-1,0,0,0.421271686,90,0
100,6,94,63,1.75,2.345,1,-1.87999237,wright1983,21,-1,0,0,1.309871761,90,0
100,6,94,63,1.75,2.345,1,-1.899380805,wright1983,21,-1,0,0,1.40818681,90,0
100,6,94,63,1.75,2.345,1,-1.600507674,wright1983,21,-1,0,0,2.677656484,90,0
100,6,94,63,1.75,2.345,1,-1.608359133,wright1983,21,-1,0,0,2.722077808,90,0
100,6,94,63,1.75,2.345,1,-1.358174135,wright1983,21,-1,0,0,4.046321566,90,0
100,6,94,63,1.75,2.345,1,-1.490712074,wright1983,21,-1,0,0,4.063642736,90,0
100,6,94,63,1.75,2.345,1,-1.332585028,wright1983,21,-1,0,0,5.372729407,90,0
100,6,94,63,1.75,2.345,1,-1.342105263,wright1983,21,-1,0,0,5.380892576,90,0
100,6,94,63,1.75,2.345,1,-1.226501746,wright1983,21,-1,0,0,6.697229803,90,0
100,6,94,63,1.75,2.345,1,-1.249226006,wright1983,21,-1,0,0,6.699456744,90,0
100,6,94,63,1.75,2.345,1,-1.039924289,wright1983,21,-1,0,0,8.019822754,90,0
100,6,94,63,1.75,2.345,1,-1.03869969,wright1983,21,-1,0,0,8.062416029,90,0
100,6,94,63,1.75,2.345,1,-0.735716172,wright1983,21,-1,0,0,9.315931567,90,0
100,6,94,63,1.75,2.345,1,-0.77244582,wright1983,21,-1,0,0,9.329721362,90,0
100,6,94,63,1.75,2.345,1,-0.685758514,wright1983,21,-1,0,0,10.60126176,90,0
100,6,94,63,1.75,2.345,1,-0.511987558,wright1983,21,-1,0,0,10.63764416,90,0
100,6,94,63,1.75,2.345,1,-0.561919505,wright1983,21,-1,0,0,11.91909574,90,0
100,6,94,63,1.75,2.345,1,-0.263506177,wright1983,21,-1,0,0,11.93507351,90,0
100,6,94,63,1.75,2.345,2,-1.695044191,wright1983,21,-1,8,0,0,90,0.0248434800043592
100,6,94,63,1.75,2.345,1,-1.694838161,wright1983,21,-1,8,0,0.333920239,90,0
100,6,94,63,1.75,2.345,1,-1.595975232,wright1983,21,-1,8,0,0.41046498,90,0
100,6,94,63,1.75,2.345,1,-1.496053056,wright1983,21,-1,8,0,1.37186372,90,0
100,6,94,63,1.75,2.345,1,-1.490712074,wright1983,21,-1,8,0,1.422133302,90,0
100,6,94,63,1.75,2.345,1,-1.266103237,wright1983,21,-1,8,0,2.740822255,90,0
100,6,94,63,1.75,2.345,1,-1.267801858,wright1983,21,-1,8,0,2.784800514,90,0
100,6,94,63,1.75,2.345,1,-1.181114551,wright1983,21,-1,8,0,4.079925813,90,0
100,6,94,63,1.75,2.345,1,-1.147621563,wright1983,21,-1,8,0,4.088725533,90,0
100,6,94,63,1.75,2.345,1,-1.072497579,wright1983,21,-1,8,0,5.413959562,90,0
100,6,94,63,1.75,2.345,1,-0.945820433,wright1983,21,-1,8,0,5.418716046,90,0
100,6,94,63,1.75,2.345,1,-0.821981424,wright1983,21,-1,8,0,6.712965126,90,0
100,6,94,63,1.75,2.345,1,-0.947853391,wright1983,21,-1,8,0,6.714323444,90,0
100,6,94,63,1.75,2.345,1,-0.730345981,wright1983,21,-1,8,0,7.988790093,90,0
100,6,94,63,1.75,2.345,1,-0.592879257,wright1983,21,-1,8,0,8.051901396,90,0
100,6,94,63,1.75,2.345,1,-0.537561992,wright1983,21,-1,8,0,9.334932653,90,0
100,6,94,63,1.75,2.345,1,-0.400928793,wright1983,21,-1,8,0,9.415298791,90,0
100,6,94,63,1.75,2.345,1,-0.338586143,wright1983,21,-1,8,0,10.68092849,90,0
100,6,94,63,1.75,2.345,1,-0.221362229,wright1983,21,-1,8,0,10.68464864,90,0
100,6,94,63,1.75,2.345,1,-0.109907121,wright1983,21,-1,8,0,11.90843507,90,0
100,6,94,63,1.75,2.345,1,-0.015802447,wright1983,21,-1,8,0,11.97659712,90,0
100,6,94,63,1.75,2.345,2,-1.304954764,wright1983,21,-1,16,0,0,90,0.00191716159286788
100,6,94,63,1.75,2.345,1,-1.310913519,wright1983,21,-1,16,0,0.372215864,90,0
100,6,94,63,1.75,2.345,1,-1.273993808,wright1983,21,-1,16,0,0.402871079,90,0
100,6,94,63,1.75,2.345,1,-1.11834962,wright1983,21,-1,16,0,1.362913402,90,0
100,6,94,63,1.75,2.345,1,-1.150154799,wright1983,21,-1,16,0,1.414101291,90,0
100,6,94,63,1.75,2.345,1,-0.832717082,wright1983,21,-1,16,0,2.659462394,90,0
100,6,94,63,1.75,2.345,1,-0.797213622,wright1983,21,-1,16,0,2.726531924,90,0
100,6,94,63,1.75,2.345,1,-0.627534701,wright1983,21,-1,16,0,4.029007835,90,0
100,6,94,63,1.75,2.345,1,-0.710526316,wright1983,21,-1,16,0,4.068827034,90,0
100,6,94,63,1.75,2.345,1,-0.546204185,wright1983,21,-1,16,0,5.377791472,90,0
100,6,94,63,1.75,2.345,1,-0.50619195,wright1983,21,-1,16,0,5.431932356,90,0
100,6,94,63,1.75,2.345,1,-0.402969745,wright1983,21,-1,16,0,6.701411509,90,0
100,6,94,63,1.75,2.345,1,-0.345201238,wright1983,21,-1,16,0,6.772475028,90,0
100,6,94,63,1.75,2.345,1,-0.148296505,wright1983,21,-1,16,0,7.998694134,90,0
100,6,94,63,1.75,2.345,1,-0.246130031,wright1983,21,-1,16,0,8.043723348,90,0
100,9,94,63,0.99,0.7543,2,-1.9692844205,wright1983,17.82,-1,0,0,0,90,0.0125465445390642
100,9,94,63,0.99,0.7543,1,-1.907255506,wright1983,17.82,-1,0,0,0.440604752,90,0
100,9,94,63,0.99,0.7543,1,-1.816657229,wright1983,17.82,-1,0,0,0.543103448,90,0
100,9,94,63,0.99,0.7543,1,-1.712128798,wright1983,17.82,-1,0,0,0.958963283,90,0
100,9,94,63,0.99,0.7543,1,-1.729771425,wright1983,17.82,-1,0,0,0.982758621,90,0
100,9,94,63,0.99,0.7543,1,-1.523988054,wright1983,17.82,-1,0,0,1.917926566,90,0
100,9,94,63,0.99,0.7543,1,-1.562745563,wright1983,17.82,-1,0,0,1.939655172,90,0
100,9,94,63,0.99,0.7543,1,-1.436910923,wright1983,17.82,-1,0,0,2.850971922,90,0
100,9,94,63,0.99,0.7543,1,-1.52307999,wright1983,17.82,-1,0,0,2.922413793,90,0
100,9,94,63,0.99,0.7543,1,-1.08707422,wright1983,17.82,-1,0,0,3.861771058,90,0
100,9,94,63,0.99,0.7543,1,-1.208601045,wright1983,17.82,-1,0,0,3.879310345,90,0
100,9,94,63,0.99,0.7543,1,-1.101896898,wright1983,17.82,-1,0,0,4.836206897,90,0
100,9,94,63,0.99,0.7543,1,-0.919178218,wright1983,17.82,-1,0,0,4.872570194,90,0
100,9,94,63,0.99,0.7543,1,-0.680193792,wright1983,17.82,-1,0,0,5.818965517,90,0
100,9,94,63,0.99,0.7543,1,-0.78494583,wright1983,17.82,-1,0,0,5.831533477,90,0
100,9,94,63,0.99,0.7543,1,-0.620406536,wright1983,17.82,-1,0,0,6.775862069,90,0
100,9,94,63,0.99,0.7543,1,-0.670929075,wright1983,17.82,-1,0,0,6.79049676,90,0
100,9,94,63,0.99,0.7543,1,-0.500312009,wright1983,17.82,-1,0,0,7.75862069,90,0
100,9,94,63,0.99,0.7543,1,-0.61083523,wright1983,17.82,-1,0,0,7.77537797,90,0
100,9,94,63,0.99,0.7543,1,-1.474574166,wright1983,17.82,-1,8,0,0,90,0
100,9,94,63,0.99,0.7543,1,-1.576833961,wright1983,17.82,-1,8,0,0.025917927,90,0
100,9,94,63,0.99,0.7543,1,-1.536664668,wright1983,17.82,-1,8,0,0.492440605,90,0
100,9,94,63,0.99,0.7543,1,-1.501672714,wright1983,17.82,-1,8,0,0.594827586,90,0
100,9,94,63,0.99,0.7543,1,-1.368477584,wright1983,17.82,-1,8,0,0.98488121,90,0
100,9,94,63,0.99,0.7543,1,-1.455001387,wright1983,17.82,-1,8,0,1.034482759,90,0
100,9,94,63,0.99,0.7543,1,-1.247722285,wright1983,17.82,-1,8,0,1.943844492,90,0
100,9,94,63,0.99,0.7543,1,-1.328175557,wright1983,17.82,-1,8,0,1.965517241,90,0
100,9,94,63,0.99,0.7543,1,-1.066334639,wright1983,17.82,-1,8,0,2.928725702,90,0
100,9,94,63,0.99,0.7543,1,-1.335441319,wright1983,17.82,-1,8,0,2.974137931,90,0
100,9,94,63,0.99,0.7543,1,-0.817546995,wright1983,17.82,-1,8,0,3.887688985,90,0
100,9,94,63,0.99,0.7543,1,-0.98745031,wright1983,17.82,-1,8,0,3.931034483,90,0
100,9,94,63,0.99,0.7543,1,-0.847219654,wright1983,17.82,-1,8,0,4.862068966,90,0
100,9,94,63,0.99,0.7543,1,-0.669852072,wright1983,17.82,-1,8,0,4.872570194,90,0
100,9,94,63,0.99,0.7543,1,-0.626588934,wright1983,17.82,-1,8,0,5.844827586,90,0
100,9,94,63,0.99,0.7543,1,-0.488464427,wright1983,17.82,-1,8,0,5.857451404,90,0
100,9,94,63,0.99,0.7543,1,-0.39467786,wright1983,17.82,-1,8,0,6.842332613,90,0
100,9,94,63,0.99,0.7543,1,-0.446187136,wright1983,17.82,-1,8,0,6.853448276,90,0
100,9,94,63,0.99,0.7543,1,-0.218825113,wright1983,17.82,-1,8,0,7.784482759,90,0
100,9,94,63,0.99,0.7543,1,-0.334569461,wright1983,17.82,-1,8,0,7.801295896,90,0
